uniprot_accession,organism_type,gh_family,pdb_id,foldx_mutation_code,foldx_ddg,ligand,receptor_pdb,receptor_pdbqt,center_x,center_y,center_z,box_size,vina_affinity,prepare_exit_code,vina_exit_code,vina_output,vina_log,status
A0A0S2I9J6,bacterial,GH10,9UPA,PA1A,4.0,xylobiose,results/04_foldx/work/mutation_screen/A0A0S2I9J6_9UPA/A0A0S2I9J6_9UPA_Repair.pdb,results/05_docking/receptors/A0A0S2I9J6_9UPA_PA1A.pdbqt,9.912,15.228,23.818,28.0,-7.061,0,0,results/05_docking/vina_outputs/A0A0S2I9J6_9UPA_PA1A_xylobiose.out.pdbqt,results/05_docking/vina_outputs/A0A0S2I9J6_9UPA_PA1A_xylobiose.log,ready
A0A0S2I9J6,bacterial,GH10,9UPA,PA1A,4.0,xylotriose,results/04_foldx/work/mutation_screen/A0A0S2I9J6_9UPA/A0A0S2I9J6_9UPA_Repair.pdb,results/05_docking/receptors/A0A0S2I9J6_9UPA_PA1A.pdbqt,9.912,15.228,23.818,28.0,-8.53,0,0,results/05_docking/vina_outputs/A0A0S2I9J6_9UPA_PA1A_xylotriose.out.pdbqt,results/05_docking/vina_outputs/A0A0S2I9J6_9UPA_PA1A_xylotriose.log,ready
A0A0S2I9J6,bacterial,GH10,9UPA,AA353G,-0.0871928,xylobiose,results/04_foldx/work/mutation_screen/A0A0S2I9J6_9UPA/A0A0S2I9J6_9UPA_Repair.pdb,results/05_docking/receptors/A0A0S2I9J6_9UPA_AA353G.pdbqt,9.912,15.228,23.818,28.0,-7.006,0,0,results/05_docking/vina_outputs/A0A0S2I9J6_9UPA_AA353G_xylobiose.out.pdbqt,results/05_docking/vina_outputs/A0A0S2I9J6_9UPA_AA353G_xylobiose.log,ready
A0A0S2I9J6,bacterial,GH10,9UPA,AA353G,-0.0871928,xylotriose,results/04_foldx/work/mutation_screen/A0A0S2I9J6_9UPA/A0A0S2I9J6_9UPA_Repair.pdb,results/05_docking/receptors/A0A0S2I9J6_9UPA_AA353G.pdbqt,9.912,15.228,23.818,28.0,-8.537,0,0,results/05_docking/vina_outputs/A0A0S2I9J6_9UPA_AA353G_xylotriose.out.pdbqt,results/05_docking/vina_outputs/A0A0S2I9J6_9UPA_AA353G_xylotriose.log,ready
A0A0S2I9J6,bacterial,GH10,9UPA,AB353V,-0.111008,xylobiose,results/04_foldx/work/mutation_screen/A0A0S2I9J6_9UPA/A0A0S2I9J6_9UPA_Repair.pdb,results/05_docking/receptors/A0A0S2I9J6_9UPA_AB353V.pdbqt,9.912,15.228,23.818,28.0,-6.485,0,0,results/05_docking/vina_outputs/A0A0S2I9J6_9UPA_AB353V_xylobiose.out.pdbqt,results/05_docking/vina_outputs/A0A0S2I9J6_9UPA_AB353V_xylobiose.log,ready
A0A0S2I9J6,bacterial,GH10,9UPA,AB353V,-0.111008,xylotriose,results/04_foldx/work/mutation_screen/A0A0S2I9J6_9UPA/A0A0S2I9J6_9UPA_Repair.pdb,results/05_docking/receptors/A0A0S2I9J6_9UPA_AB353V.pdbqt,9.912,15.228,23.818,28.0,-8.528,0,0,results/05_docking/vina_outputs/A0A0S2I9J6_9UPA_AB353V_xylotriose.out.pdbqt,results/05_docking/vina_outputs/A0A0S2I9J6_9UPA_AB353V_xylotriose.log,ready
A0A0M9BNX9,bacterial,GH11,7KV0,HA26A,4.0,xylobiose,results/04_foldx/work/mutation_screen/A0A0M9BNX9_7KV0/A0A0M9BNX9_7KV0_Repair.pdb,results/05_docking/receptors/A0A0M9BNX9_7KV0_HA26A.pdbqt,10.794,-6.395,22.296,28.0,-7.593,0,0,results/05_docking/vina_outputs/A0A0M9BNX9_7KV0_HA26A_xylobiose.out.pdbqt,results/05_docking/vina_outputs/A0A0M9BNX9_7KV0_HA26A_xylobiose.log,ready
A0A0M9BNX9,bacterial,GH11,7KV0,HA26A,4.0,xylotriose,results/04_foldx/work/mutation_screen/A0A0M9BNX9_7KV0/A0A0M9BNX9_7KV0_Repair.pdb,results/05_docking/receptors/A0A0M9BNX9_7KV0_HA26A.pdbqt,10.794,-6.395,22.296,28.0,-9.018,0,0,results/05_docking/vina_outputs/A0A0M9BNX9_7KV0_HA26A_xylotriose.out.pdbqt,results/05_docking/vina_outputs/A0A0M9BNX9_7KV0_HA26A_xylotriose.log,ready
A0A0M9BNX9,bacterial,GH11,7KV0,HB26G,2.07149,xylobiose,results/04_foldx/work/mutation_screen/A0A0M9BNX9_7KV0/A0A0M9BNX9_7KV0_Repair.pdb,results/05_docking/receptors/A0A0M9BNX9_7KV0_HB26G.pdbqt,10.794,-6.395,22.296,28.0,-7.549,0,0,results/05_docking/vina_outputs/A0A0M9BNX9_7KV0_HB26G_xylobiose.out.pdbqt,results/05_docking/vina_outputs/A0A0M9BNX9_7KV0_HB26G_xylobiose.log,ready
A0A0M9BNX9,bacterial,GH11,7KV0,HB26G,2.07149,xylotriose,results/04_foldx/work/mutation_screen/A0A0M9BNX9_7KV0/A0A0M9BNX9_7KV0_Repair.pdb,results/05_docking/receptors/A0A0M9BNX9_7KV0_HB26G.pdbqt,10.794,-6.395,22.296,28.0,-9.031,0,0,results/05_docking/vina_outputs/A0A0M9BNX9_7KV0_HB26G_xylotriose.out.pdbqt,results/05_docking/vina_outputs/A0A0M9BNX9_7KV0_HB26G_xylotriose.log,ready
A0A0M9BNX9,bacterial,GH11,7KV0,WB211V,-0.0172052,xylobiose,results/04_foldx/work/mutation_screen/A0A0M9BNX9_7KV0/A0A0M9BNX9_7KV0_Repair.pdb,results/05_docking/receptors/A0A0M9BNX9_7KV0_WB211V.pdbqt,10.794,-6.395,22.296,28.0,-7.444,0,0,results/05_docking/vina_outputs/A0A0M9BNX9_7KV0_WB211V_xylobiose.out.pdbqt,results/05_docking/vina_outputs/A0A0M9BNX9_7KV0_WB211V_xylobiose.log,ready
A0A0M9BNX9,bacterial,GH11,7KV0,WB211V,-0.0172052,xylotriose,results/04_foldx/work/mutation_screen/A0A0M9BNX9_7KV0/A0A0M9BNX9_7KV0_Repair.pdb,results/05_docking/receptors/A0A0M9BNX9_7KV0_WB211V.pdbqt,10.794,-6.395,22.296,28.0,-9.165,0,0,results/05_docking/vina_outputs/A0A0M9BNX9_7KV0_WB211V_xylotriose.out.pdbqt,results/05_docking/vina_outputs/A0A0M9BNX9_7KV0_WB211V_xylotriose.log,ready
A0A1L9WG58,fungal,GH10,6Q8M,VA23A,4.0,xylobiose,results/04_foldx/work/mutation_screen/A0A1L9WG58_6Q8M/A0A1L9WG58_6Q8M_Repair.pdb,results/05_docking/receptors/A0A1L9WG58_6Q8M_VA23A.pdbqt,19.139,-18.299,28.816,28.0,-6.515,0,0,results/05_docking/vina_outputs/A0A1L9WG58_6Q8M_VA23A_xylobiose.out.pdbqt,results/05_docking/vina_outputs/A0A1L9WG58_6Q8M_VA23A_xylobiose.log,ready
A0A1L9WG58,fungal,GH10,6Q8M,VA23A,4.0,xylotriose,results/04_foldx/work/mutation_screen/A0A1L9WG58_6Q8M/A0A1L9WG58_6Q8M_Repair.pdb,results/05_docking/receptors/A0A1L9WG58_6Q8M_VA23A.pdbqt,19.139,-18.299,28.816,28.0,-7.509,0,0,results/05_docking/vina_outputs/A0A1L9WG58_6Q8M_VA23A_xylotriose.out.pdbqt,results/05_docking/vina_outputs/A0A1L9WG58_6Q8M_VA23A_xylotriose.log,ready
A0A1L9WG58,fungal,GH10,6Q8M,VA343G,1.04355,xylobiose,results/04_foldx/work/mutation_screen/A0A1L9WG58_6Q8M/A0A1L9WG58_6Q8M_Repair.pdb,results/05_docking/receptors/A0A1L9WG58_6Q8M_VA343G.pdbqt,19.139,-18.299,28.816,28.0,-6.52,0,0,results/05_docking/vina_outputs/A0A1L9WG58_6Q8M_VA343G_xylobiose.out.pdbqt,results/05_docking/vina_outputs/A0A1L9WG58_6Q8M_VA343G_xylobiose.log,ready
A0A1L9WG58,fungal,GH10,6Q8M,VA343G,1.04355,xylotriose,results/04_foldx/work/mutation_screen/A0A1L9WG58_6Q8M/A0A1L9WG58_6Q8M_Repair.pdb,results/05_docking/receptors/A0A1L9WG58_6Q8M_VA343G.pdbqt,19.139,-18.299,28.816,28.0,-7.288,0,0,results/05_docking/vina_outputs/A0A1L9WG58_6Q8M_VA343G_xylotriose.out.pdbqt,results/05_docking/vina_outputs/A0A1L9WG58_6Q8M_VA343G_xylotriose.log,ready
A0A1L9WG58,fungal,GH10,6Q8M,VB343S,1.11226,xylobiose,results/04_foldx/work/mutation_screen/A0A1L9WG58_6Q8M/A0A1L9WG58_6Q8M_Repair.pdb,results/05_docking/receptors/A0A1L9WG58_6Q8M_VB343S.pdbqt,19.139,-18.299,28.816,28.0,-6.481,0,0,results/05_docking/vina_outputs/A0A1L9WG58_6Q8M_VB343S_xylobiose.out.pdbqt,results/05_docking/vina_outputs/A0A1L9WG58_6Q8M_VB343S_xylobiose.log,ready
A0A1L9WG58,fungal,GH10,6Q8M,VB343S,1.11226,xylotriose,results/04_foldx/work/mutation_screen/A0A1L9WG58_6Q8M/A0A1L9WG58_6Q8M_Repair.pdb,results/05_docking/receptors/A0A1L9WG58_6Q8M_VB343S.pdbqt,19.139,-18.299,28.816,28.0,-7.514,0,0,results/05_docking/vina_outputs/A0A1L9WG58_6Q8M_VB343S_xylotriose.out.pdbqt,results/05_docking/vina_outputs/A0A1L9WG58_6Q8M_VB343S_xylotriose.log,ready
A0A2T4BZZ5,fungal,GH11,8YJI,TA2A,4.0,xylobiose,results/04_foldx/work/mutation_screen/A0A2T4BZZ5_8YJI/A0A2T4BZZ5_8YJI_Repair.pdb,results/05_docking/receptors/A0A2T4BZZ5_8YJI_TA2A.pdbqt,0.005,0.483,15.049,28.0,-6.178,0,0,results/05_docking/vina_outputs/A0A2T4BZZ5_8YJI_TA2A_xylobiose.out.pdbqt,results/05_docking/vina_outputs/A0A2T4BZZ5_8YJI_TA2A_xylobiose.log,ready
A0A2T4BZZ5,fungal,GH11,8YJI,TA2A,4.0,xylotriose,results/04_foldx/work/mutation_screen/A0A2T4BZZ5_8YJI/A0A2T4BZZ5_8YJI_Repair.pdb,results/05_docking/receptors/A0A2T4BZZ5_8YJI_TA2A.pdbqt,0.005,0.483,15.049,28.0,-7.488,0,0,results/05_docking/vina_outputs/A0A2T4BZZ5_8YJI_TA2A_xylotriose.out.pdbqt,results/05_docking/vina_outputs/A0A2T4BZZ5_8YJI_TA2A_xylotriose.log,ready
A0A2T4BZZ5,fungal,GH11,8YJI,FA93G,0.515756,xylobiose,results/04_foldx/work/mutation_screen/A0A2T4BZZ5_8YJI/A0A2T4BZZ5_8YJI_Repair.pdb,results/05_docking/receptors/A0A2T4BZZ5_8YJI_FA93G.pdbqt,0.005,0.483,15.049,28.0,-6.172,0,0,results/05_docking/vina_outputs/A0A2T4BZZ5_8YJI_FA93G_xylobiose.out.pdbqt,results/05_docking/vina_outputs/A0A2T4BZZ5_8YJI_FA93G_xylobiose.log,ready
A0A2T4BZZ5,fungal,GH11,8YJI,FA93G,0.515756,xylotriose,results/04_foldx/work/mutation_screen/A0A2T4BZZ5_8YJI/A0A2T4BZZ5_8YJI_Repair.pdb,results/05_docking/receptors/A0A2T4BZZ5_8YJI_FA93G.pdbqt,0.005,0.483,15.049,28.0,-7.497,0,0,results/05_docking/vina_outputs/A0A2T4BZZ5_8YJI_FA93G_xylotriose.out.pdbqt,results/05_docking/vina_outputs/A0A2T4BZZ5_8YJI_FA93G_xylotriose.log,ready
A0A2T4BZZ5,fungal,GH11,8YJI,SA190V,1.91406,xylobiose,results/04_foldx/work/mutation_screen/A0A2T4BZZ5_8YJI/A0A2T4BZZ5_8YJI_Repair.pdb,results/05_docking/receptors/A0A2T4BZZ5_8YJI_SA190V.pdbqt,0.005,0.483,15.049,28.0,-6.004,0,0,results/05_docking/vina_outputs/A0A2T4BZZ5_8YJI_SA190V_xylobiose.out.pdbqt,results/05_docking/vina_outputs/A0A2T4BZZ5_8YJI_SA190V_xylobiose.log,ready
A0A2T4BZZ5,fungal,GH11,8YJI,SA190V,1.91406,xylotriose,results/04_foldx/work/mutation_screen/A0A2T4BZZ5_8YJI/A0A2T4BZZ5_8YJI_Repair.pdb,results/05_docking/receptors/A0A2T4BZZ5_8YJI_SA190V.pdbqt,0.005,0.483,15.049,28.0,-7.493,0,0,results/05_docking/vina_outputs/A0A2T4BZZ5_8YJI_SA190V_xylotriose.out.pdbqt,results/05_docking/vina_outputs/A0A2T4BZZ5_8YJI_SA190V_xylotriose.log,ready
