pdb_id,file_path,chosen_chain,chain_length,file_type,hbond_proxy_count,salt_bridge_count,disulfide_count,sasa_total,uniprot_accession,organism_type,organism,xref_cazy,gh_family,pdb_tag,foldx_wt_total_energy,foldx_energy_per_residue
1AXK,/home/ubuntu/xylanase-thesis/data/raw/pdb/1AXK.cif,B,394,cif,1530.0,39.0,1.0,13915.446073963496,P18429,bacterial,Bacillus subtilis (strain 168),GH11;,GH11,1AXK_B_Repair,-3.72,-0.0094416243654822
1B30,/home/ubuntu/xylanase-thesis/data/raw/pdb/1B30.cif,A,301,cif,1709.0,51.0,1.0,5647.781215824348,P56588,fungal,Penicillium simplicissimum,GH10;,GH10,1B30_A_Repair,-40.57,-0.1347840531561462
1B31,/home/ubuntu/xylanase-thesis/data/raw/pdb/1B31.cif,A,301,cif,1942.0,52.0,1.0,4215.242699767354,P56588,fungal,Penicillium simplicissimum,GH10;,GH10,1B31_A_Repair,-51.55,-0.1712624584717607
1B3V,/home/ubuntu/xylanase-thesis/data/raw/pdb/1B3V.cif,A,301,cif,1623.0,52.0,1.0,5996.19380623935,P56588,fungal,Penicillium simplicissimum,GH10;,GH10,1B3V_A_Repair,-20.78,-0.0690365448504983
1B3W,/home/ubuntu/xylanase-thesis/data/raw/pdb/1B3W.cif,A,301,cif,1631.0,46.0,1.0,6284.691839087054,P56588,fungal,Penicillium simplicissimum,GH10;,GH10,1B3W_A_Repair,-24.7,-0.0820598006644518
1B3X,/home/ubuntu/xylanase-thesis/data/raw/pdb/1B3X.cif,A,301,cif,1802.0,52.0,1.0,4855.484944340079,P56588,fungal,Penicillium simplicissimum,GH10;,GH10,1B3X_A_Repair,-33.21,-0.1103322259136212
1B3Y,/home/ubuntu/xylanase-thesis/data/raw/pdb/1B3Y.cif,A,301,cif,1726.0,52.0,1.0,5487.863669403536,P56588,fungal,Penicillium simplicissimum,GH10;,GH10,1B3Y_A_Repair,-29.45,-0.0978405315614617
1B3Z,/home/ubuntu/xylanase-thesis/data/raw/pdb/1B3Z.cif,A,301,cif,1899.0,52.0,1.0,4281.140332578823,P56588,fungal,Penicillium simplicissimum,GH10;,GH10,1B3Z_A_Repair,-34.68,-0.1152159468438538
1BCX,/home/ubuntu/xylanase-thesis/data/raw/pdb/1BCX.cif,A,185,cif,884.0,9.0,0.0,4570.084019193992,P09850,bacterial,Niallia circulans (Bacillus circulans),GH11;,GH11,1BCX_A_Repair,-7.14,-0.0385945945945945
1BG4,/home/ubuntu/xylanase-thesis/data/raw/pdb/1BG4.cif,A,301,cif,1888.0,47.0,1.0,3915.182764007607,P56588,fungal,Penicillium simplicissimum,GH10;,GH10,1BG4_A_Repair,31.27,0.1038870431893687
1BK1,/home/ubuntu/xylanase-thesis/data/raw/pdb/1BK1.cif,A,182,cif,826.0,9.0,1.0,5005.503168946617,P33557,fungal,Aspergillus kawachii (strain NBRC 4308) (White koji mold) (Aspergillus awamori var. kawachi),GH11;,GH11,1BK1_A_Repair,18.64,0.1024175824175824
1BVV,/home/ubuntu/xylanase-thesis/data/raw/pdb/1BVV.cif,A,185,cif,805.0,9.0,0.0,5103.691636715262,P09850,bacterial,Niallia circulans (Bacillus circulans),GH11;,GH11,1BVV_A_Repair,5.57,0.0301081081081081
1C5H,/home/ubuntu/xylanase-thesis/data/raw/pdb/1C5H.cif,A,185,cif,885.0,11.0,0.0,4412.118130660552,P09850,bacterial,Niallia circulans (Bacillus circulans),GH11;,GH11,1C5H_A_Repair,2.53,0.0136756756756756
1C5I,/home/ubuntu/xylanase-thesis/data/raw/pdb/1C5I.cif,A,185,cif,844.0,10.0,0.0,4609.063631636301,P09850,bacterial,Niallia circulans (Bacillus circulans),GH11;,GH11,1C5I_A_Repair,4.42,0.0238918918918918
1CLX,/home/ubuntu/xylanase-thesis/data/raw/pdb/1CLX.cif,A,345,cif,1916.0,76.0,1.0,7955.501031902772,P14768,bacterial,Cellvibrio japonicus (strain Ueda107) (Pseudomonas fluorescens subsp. cellulosa),CBM10;CBM2;GH10;,GH10,1CLX_A_Repair,-4.6,-0.0133333333333333
1DYO,/home/ubuntu/xylanase-thesis/data/raw/pdb/1DYO.cif,A,153,cif,745.0,17.0,0.0,3837.538653432511,P51584,bacterial,Acetivibrio thermocellus (Hungateiclostridium thermocellum) (Clostridium thermocellum),CBM22;GH10;,GH10,1DYO_A_Repair,25.63,0.167516339869281
1E0V,/home/ubuntu/xylanase-thesis/data/raw/pdb/1E0V.cif,A,302,cif,2233.0,61.0,2.0,2781.350911258892,P26514,bacterial,Streptomyces lividans,CBM13;GH10;,GH10,1E0V_A_Repair,-47.97,-0.158841059602649
1E0W,/home/ubuntu/xylanase-thesis/data/raw/pdb/1E0W.cif,A,302,cif,2148.0,63.0,2.0,3459.585755260395,P26514,bacterial,Streptomyces lividans,CBM13;GH10;,GH10,1E0W_A_Repair,-27.86,-0.092251655629139
1E0X,/home/ubuntu/xylanase-thesis/data/raw/pdb/1E0X.cif,A,310,cif,2117.0,63.0,2.0,4801.602169269447,P26514,bacterial,Streptomyces lividans,CBM13;GH10;,GH10,1E0X_A_Repair,-41.83,-0.1349354838709677
1E5B,/home/ubuntu/xylanase-thesis/data/raw/pdb/1E5B.cif,A,87,cif,236.0,4.0,1.0,4583.609907602979,P54865,bacterial,Cellulomonas fimi,CBM2;GH11;,GH11,1E5B_A_Repair,109.97,1.264022988505747
1E5C,/home/ubuntu/xylanase-thesis/data/raw/pdb/1E5C.cif,A,87,cif,237.0,4.0,1.0,4595.300590681077,P54865,bacterial,Cellulomonas fimi,CBM2;GH11;,GH11,1E5C_A_Repair,108.26,1.244367816091954
1E5N,/home/ubuntu/xylanase-thesis/data/raw/pdb/1E5N.cif,A,346,cif,1409.0,71.0,1.0,13729.58169912646,P14768,bacterial,Cellvibrio japonicus (strain Ueda107) (Pseudomonas fluorescens subsp. cellulosa),CBM10;CBM2;GH10;,GH10,1E5N_A_Repair,25.68,0.0742196531791907
1E8R,/home/ubuntu/xylanase-thesis/data/raw/pdb/1E8R.cif,A,50,cif,144.0,2.0,2.0,3528.789725844208,P14768,bacterial,Cellvibrio japonicus (strain Ueda107) (Pseudomonas fluorescens subsp. cellulosa),CBM10;CBM2;GH10;,GH10,1E8R_A_Repair,84.45,1.689
1ENX,/home/ubuntu/xylanase-thesis/data/raw/pdb/1ENX.cif,A,189,cif,885.0,19.0,0.0,4634.135664728584,P36217,fungal,Hypocrea jecorina (strain ATCC 56765 / BCRC 32924 / NRRL 11460 / Rut C-30) (Trichoderma reesei),GH11;,GH11,1ENX_A_Repair,-1.14,-0.006031746031746
1EXG,/home/ubuntu/xylanase-thesis/data/raw/pdb/1EXG.cif,A,110,cif,334.0,0.0,1.0,5774.876432642845,P07986,bacterial,Cellulomonas fimi,CBM2;GH10;,GH10,1EXG_A_Repair,180.2,1.6381818181818182
1EXH,/home/ubuntu/xylanase-thesis/data/raw/pdb/1EXH.cif,A,110,cif,358.0,0.0,1.0,5745.838478117415,P07986,bacterial,Cellulomonas fimi,CBM2;GH10;,GH10,1EXH_A_Repair,181.09,1.646272727272727
1EXP,/home/ubuntu/xylanase-thesis/data/raw/pdb/1EXP.cif,A,312,cif,1685.0,62.0,2.0,7782.955036996767,P07986,bacterial,Cellulomonas fimi,CBM2;GH10;,GH10,1EXP_A_Repair,-15.58,-0.0499358974358974
1F5J,/home/ubuntu/xylanase-thesis/data/raw/pdb/1F5J.cif,A,199,cif,946.0,17.0,0.0,5016.73318144436,P77853,bacterial,Dictyoglomus thermophilum,CBM36;GH11;,GH11,1F5J_A_Repair,-4.49,-0.0225628140703517
1FH7,/home/ubuntu/xylanase-thesis/data/raw/pdb/1FH7.cif,A,312,cif,1899.0,64.0,2.0,6352.397684665344,P07986,bacterial,Cellulomonas fimi,CBM2;GH10;,GH10,1FH7_A_Repair,-31.21,-0.1000320512820512
1FH8,/home/ubuntu/xylanase-thesis/data/raw/pdb/1FH8.cif,A,312,cif,1844.0,65.0,2.0,6474.814341173144,P07986,bacterial,Cellulomonas fimi,CBM2;GH10;,GH10,1FH8_A_Repair,-33.16,-0.1062820512820512
1FH9,/home/ubuntu/xylanase-thesis/data/raw/pdb/1FH9.cif,A,312,cif,1872.0,67.0,2.0,6467.159825539933,P07986,bacterial,Cellulomonas fimi,CBM2;GH10;,GH10,1FH9_A_Repair,-40.63,-0.130224358974359
1FHD,/home/ubuntu/xylanase-thesis/data/raw/pdb/1FHD.cif,A,312,cif,1865.0,65.0,2.0,6274.565618884965,P07986,bacterial,Cellulomonas fimi,CBM2;GH10;,GH10,1FHD_A_Repair,-50.16,-0.1607692307692307
1GKK,/home/ubuntu/xylanase-thesis/data/raw/pdb/1GKK.cif,A,274,cif,1817.0,48.0,0.0,4503.904321627712,P51584,bacterial,Acetivibrio thermocellus (Hungateiclostridium thermocellum) (Clostridium thermocellum),CBM22;GH10;,GH10,1GKK_A_Repair,-48.48,-0.176934306569343
1GKL,/home/ubuntu/xylanase-thesis/data/raw/pdb/1GKL.cif,A,283,cif,1904.0,49.0,0.0,4316.067780586455,P51584,bacterial,Acetivibrio thermocellus (Hungateiclostridium thermocellum) (Clostridium thermocellum),CBM22;GH10;,GH10,1GKL_A_Repair,-60.87,-0.2150883392226148
1GMM,/home/ubuntu/xylanase-thesis/data/raw/pdb/1GMM.cif,A,126,cif,742.0,7.0,0.0,2405.788765096157,O52780,bacterial,Acetivibrio thermocellus (Hungateiclostridium thermocellum) (Clostridium thermocellum),CBM6;GH11;,GH11,1GMM_A_Repair,29.39,0.2332539682539682
1GNY,/home/ubuntu/xylanase-thesis/data/raw/pdb/1GNY.cif,A,153,cif,909.0,25.0,1.0,3011.7264389534944,Q59675,bacterial,Cellvibrio japonicus (Pseudomonas fluorescens subsp. cellulosa),CBM15;GH10;,GH10,1GNY_A_Repair,12.58,0.0822222222222222
1GOK,/home/ubuntu/xylanase-thesis/data/raw/pdb/1GOK.cif,A,302,cif,1787.0,50.0,1.0,5748.449807630193,P23360,fungal,Thermoascus aurantiacus,GH10;,GH10,1GOK_A_Repair,-57.14,-0.189205298013245
1GOM,/home/ubuntu/xylanase-thesis/data/raw/pdb/1GOM.cif,A,302,cif,1660.0,47.0,1.0,6884.93465997664,P23360,fungal,Thermoascus aurantiacus,GH10;,GH10,1GOM_A_Repair,-45.26,-0.1498675496688741
1GOO,/home/ubuntu/xylanase-thesis/data/raw/pdb/1GOO.cif,A,301,cif,1907.0,43.0,1.0,5124.56510715521,P23360,fungal,Thermoascus aurantiacus,GH10;,GH10,1GOO_A_Repair,-42.95,-0.1426910299003322
1GOQ,/home/ubuntu/xylanase-thesis/data/raw/pdb/1GOQ.cif,A,302,cif,1553.0,47.0,1.0,8006.486755891968,P23360,fungal,Thermoascus aurantiacus,GH10;,GH10,1GOQ_A_Repair,-31.34,-0.103774834437086
1GOR,/home/ubuntu/xylanase-thesis/data/raw/pdb/1GOR.cif,A,302,cif,1805.0,44.0,1.0,5853.977613890675,P23360,fungal,Thermoascus aurantiacus,GH10;,GH10,1GOR_A_Repair,-38.61,-0.1278476821192053
1H1A,/home/ubuntu/xylanase-thesis/data/raw/pdb/1H1A.cif,A,190,cif,1306.0,18.0,0.0,2355.771656953913,Q8J1V6,fungal,Thermochaetoides thermophila,GH11;,GH11,1H1A_A_Repair,11.01,0.0579473684210526
1H4G,/home/ubuntu/xylanase-thesis/data/raw/pdb/1H4G.cif,B,206,cif,1285.0,29.0,0.0,3024.8910819064336,Q7SIE3,bacterial,Salipaludibacillus agaradhaerens (Bacillus agaradhaerens),,unknown,1H4G_B_Repair,-26.57,-0.1289805825242718
1H4H,/home/ubuntu/xylanase-thesis/data/raw/pdb/1H4H.cif,B,208,cif,972.0,32.0,0.0,5737.513508912817,Q7SIE2,bacterial,Salipaludibacillus agaradhaerens (Bacillus agaradhaerens),,unknown,1H4H_B_Repair,-0.0,-0.0
1H6X,/home/ubuntu/xylanase-thesis/data/raw/pdb/1H6X.cif,A,159,cif,706.0,18.0,0.0,4862.686844436503,P51584,bacterial,Acetivibrio thermocellus (Hungateiclostridium thermocellum) (Clostridium thermocellum),CBM22;GH10;,GH10,1H6X_A_Repair,8.35,0.0525157232704402
1H6Y,/home/ubuntu/xylanase-thesis/data/raw/pdb/1H6Y.cif,A,157,cif,738.0,17.0,0.0,4024.504709414943,P51584,bacterial,Acetivibrio thermocellus (Hungateiclostridium thermocellum) (Clostridium thermocellum),CBM22;GH10;,GH10,1H6Y_A_Repair,6.11,0.0389171974522293
1HEH,/home/ubuntu/xylanase-thesis/data/raw/pdb/1HEH.cif,C,88,cif,222.0,2.0,1.0,5266.566540230091,P54865,bacterial,Cellulomonas fimi,CBM2;GH11;,GH11,1HEH_C_Repair,137.28,1.56
1HEJ,/home/ubuntu/xylanase-thesis/data/raw/pdb/1HEJ.cif,C,88,cif,241.0,8.0,1.0,4989.293744659299,P54865,bacterial,Cellulomonas fimi,CBM2;GH11;,GH11,1HEJ_C_Repair,110.23,1.2526136363636364
1HIX,/home/ubuntu/xylanase-thesis/data/raw/pdb/1HIX.cif,B,187,cif,839.0,12.0,0.0,4887.314492964749,Q59962,bacterial,Streptomyces sp. S38,GH11;,GH11,1HIX_B_Repair,19.28,0.1031016042780748
1HIZ,/home/ubuntu/xylanase-thesis/data/raw/pdb/1HIZ.cif,A,375,cif,2739.0,103.0,0.0,5490.1017902754365,P40943,bacterial,Geobacillus stearothermophilus (Bacillus stearothermophilus),GH10;,GH10,1HIZ_A_Repair,-29.51,-0.0786933333333333
1HV0,/home/ubuntu/xylanase-thesis/data/raw/pdb/1HV0.cif,A,185,cif,982.0,10.0,0.0,3540.854773669282,P09850,bacterial,Niallia circulans (Bacillus circulans),GH11;,GH11,1HV0_A_Repair,0.61,0.0032972972972972
1HV1,/home/ubuntu/xylanase-thesis/data/raw/pdb/1HV1.cif,A,185,cif,932.0,10.0,0.0,3886.0512402865793,P09850,bacterial,Niallia circulans (Bacillus circulans),GH11;,GH11,1HV1_A_Repair,0.07,0.0003783783783783
1I1W,/home/ubuntu/xylanase-thesis/data/raw/pdb/1I1W.cif,A,302,cif,2154.0,43.0,1.0,3591.1623911673846,P23360,fungal,Thermoascus aurantiacus,GH10;,GH10,1I1W_A_Repair,-65.27,-0.2161258278145695
1I1X,/home/ubuntu/xylanase-thesis/data/raw/pdb/1I1X.cif,A,301,cif,1830.0,47.0,1.0,5693.68421989116,P23360,fungal,Thermoascus aurantiacus,GH10;,GH10,1I1X_A_Repair,-56.78,-0.1886378737541528
1I82,/home/ubuntu/xylanase-thesis/data/raw/pdb/1I82.cif,A,189,cif,961.0,24.0,0.0,4813.47169693413,Q60037,bacterial,Thermotoga maritima (strain ATCC 43589 / DSM 3109 / JCM 10099 / NBRC 100826 / MSB8),CBM22;CBM9;GH10;,GH10,1I82_A_Repair,4.62,0.0244444444444444
1I8A,/home/ubuntu/xylanase-thesis/data/raw/pdb/1I8A.cif,A,189,cif,995.0,23.0,0.0,4647.351100951545,Q60037,bacterial,Thermotoga maritima (strain ATCC 43589 / DSM 3109 / JCM 10099 / NBRC 100826 / MSB8),CBM22;CBM9;GH10;,GH10,1I8A_A_Repair,-0.52,-0.0027513227513227
1I8U,/home/ubuntu/xylanase-thesis/data/raw/pdb/1I8U.cif,A,189,cif,976.0,20.0,0.0,5012.19806625423,Q60037,bacterial,Thermotoga maritima (strain ATCC 43589 / DSM 3109 / JCM 10099 / NBRC 100826 / MSB8),CBM22;CBM9;GH10;,GH10,1I8U_A_Repair,1.95,0.0103174603174603
1IGO,/home/ubuntu/xylanase-thesis/data/raw/pdb/1IGO.cif,A,205,cif,842.0,27.0,0.0,6922.160183010372,Q7SID8,bacterial,Bacillus subtilis,GH11;,GH11,1IGO_A_Repair,12.45,0.0607317073170731
1ISV,/home/ubuntu/xylanase-thesis/data/raw/pdb/1ISV.cif,A,436,cif,2718.0,77.0,5.0,8085.853288621684,Q7SI98,bacterial,Streptomyces olivaceoviridis (Streptomyces corchorusii),CBM13;GH10;,GH10,1ISV_A_Repair,-3.61,-0.0082798165137614
1ISW,/home/ubuntu/xylanase-thesis/data/raw/pdb/1ISW.cif,A,436,cif,2576.0,78.0,5.0,9193.986260012764,Q7SI98,bacterial,Streptomyces olivaceoviridis (Streptomyces corchorusii),CBM13;GH10;,GH10,1ISW_A_Repair,23.2,0.0532110091743119
1ISX,/home/ubuntu/xylanase-thesis/data/raw/pdb/1ISX.cif,A,436,cif,2631.0,78.0,5.0,8454.49630315956,Q7SI98,bacterial,Streptomyces olivaceoviridis (Streptomyces corchorusii),CBM13;GH10;,GH10,1ISX_A_Repair,20.12,0.0461467889908256
1ISY,/home/ubuntu/xylanase-thesis/data/raw/pdb/1ISY.cif,A,436,cif,2508.0,73.0,5.0,9388.513903317717,Q7SI98,bacterial,Streptomyces olivaceoviridis (Streptomyces corchorusii),CBM13;GH10;,GH10,1ISY_A_Repair,11.22,0.0257339449541284
1ISZ,/home/ubuntu/xylanase-thesis/data/raw/pdb/1ISZ.cif,A,427,cif,2146.0,74.0,5.0,12197.20931243168,Q7SI98,bacterial,Streptomyces olivaceoviridis (Streptomyces corchorusii),CBM13;GH10;,GH10,1ISZ_A_Repair,23.14,0.054192037470726
1IT0,/home/ubuntu/xylanase-thesis/data/raw/pdb/1IT0.cif,A,427,cif,2191.0,74.0,5.0,11519.644331382136,Q7SI98,bacterial,Streptomyces olivaceoviridis (Streptomyces corchorusii),CBM13;GH10;,GH10,1IT0_A_Repair,27.45,0.0642857142857142
1J01,/home/ubuntu/xylanase-thesis/data/raw/pdb/1J01.cif,A,312,cif,1715.0,63.0,2.0,8347.865131860031,P07986,bacterial,Cellulomonas fimi,CBM2;GH10;,GH10,1J01_A_Repair,-23.38,-0.0749358974358974
1JJF,/home/ubuntu/xylanase-thesis/data/raw/pdb/1JJF.cif,A,255,cif,1557.0,37.0,0.0,4870.160969819551,P10478,bacterial,Acetivibrio thermocellus (strain ATCC 27405 / DSM 1237 / JCM 9322 / NBRC 103400 / NCIMB 10682 / NRRL B-4536 / VPI 7372) (Clostridium thermocellum),CBM6;GH10;,GH10,1JJF_A_Repair,-19.55,-0.0766666666666666
1JT2,/home/ubuntu/xylanase-thesis/data/raw/pdb/1JT2.cif,A,255,cif,1605.0,35.0,0.0,4206.492472014792,P10478,bacterial,Acetivibrio thermocellus (strain ATCC 27405 / DSM 1237 / JCM 9322 / NBRC 103400 / NCIMB 10682 / NRRL B-4536 / VPI 7372) (Clostridium thermocellum),CBM6;GH10;,GH10,1JT2_A_Repair,-30.29,-0.1187843137254902
1K42,/home/ubuntu/xylanase-thesis/data/raw/pdb/1K42.cif,A,168,cif,509.0,4.0,0.0,8349.4210119049,P96988,bacterial,Rhodothermus marinus (Rhodothermus obamensis),CBM4;GH10;,GH10,1K42_A_Repair,230.37,1.37125
1K45,/home/ubuntu/xylanase-thesis/data/raw/pdb/1K45.cif,A,168,cif,504.0,5.0,0.0,8471.675939222903,P96988,bacterial,Rhodothermus marinus (Rhodothermus obamensis),CBM4;GH10;,GH10,1K45_A_Repair,252.35,1.5020833333333332
1K6A,/home/ubuntu/xylanase-thesis/data/raw/pdb/1K6A.cif,A,302,cif,1700.0,48.0,1.0,7040.391961643441,P23360,fungal,Thermoascus aurantiacus,GH10;,GH10,1K6A_A_Repair,-67.18,-0.2224503311258278
1KNL,/home/ubuntu/xylanase-thesis/data/raw/pdb/1KNL.cif,A,126,cif,991.0,13.0,3.0,1551.9300324677,P26514,bacterial,Streptomyces lividans,CBM13;GH10;,GH10,1KNL_A_Repair,0.14,0.0011111111111111
1KNM,/home/ubuntu/xylanase-thesis/data/raw/pdb/1KNM.cif,A,129,cif,899.0,13.0,3.0,1873.1268046627256,P26514,bacterial,Streptomyces lividans,CBM13;GH10;,GH10,1KNM_A_Repair,10.01,0.0775968992248062
1M4W,/home/ubuntu/xylanase-thesis/data/raw/pdb/1M4W.cif,A,197,cif,1014.0,22.0,0.0,4703.904229777729,Q8GMV7,bacterial,Thermopolyspora flexuosa,CBM2;GH11;,GH11,1M4W_A_Repair,12.21,0.061979695431472
1MC9,/home/ubuntu/xylanase-thesis/data/raw/pdb/1MC9.cif,A,126,cif,796.0,16.0,2.0,2322.979298145512,P26514,bacterial,Streptomyces lividans,CBM13;GH10;,GH10,1MC9_A_Repair,26.24,0.2082539682539682
1N82,/home/ubuntu/xylanase-thesis/data/raw/pdb/1N82.cif,A,330,cif,2041.0,109.0,0.0,7566.41828777308,Q09LY9,bacterial,Geobacillus stearothermophilus (Bacillus stearothermophilus),GH10;,GH10,1N82_A_Repair,-70.51,-0.2136666666666666
1NAE,/home/ubuntu/xylanase-thesis/data/raw/pdb/1NAE.cif,A,129,cif,707.0,6.0,0.0,2377.97530285613,Q8GJ44,bacterial,Thermoclostridium stercorarium (Clostridium stercorarium),CBM6;GH11;,GH11,1NAE_A_Repair,-0.93,-0.0072093023255813
1NQ6,/home/ubuntu/xylanase-thesis/data/raw/pdb/1NQ6.cif,A,302,cif,1966.0,58.0,2.0,4648.786155342962,Q59922,bacterial,Streptomyces halstedii,CBM2;GH10;,GH10,1NQ6_A_Repair,-27.79,-0.0920198675496688
1O8P,/home/ubuntu/xylanase-thesis/data/raw/pdb/1O8P.cif,A,131,cif,575.0,7.0,0.0,3203.6663021242,Q8GJ44,bacterial,Thermoclostridium stercorarium (Clostridium stercorarium),CBM6;GH11;,GH11,1O8P_A_Repair,-10.5,-0.0801526717557251
1O8S,/home/ubuntu/xylanase-thesis/data/raw/pdb/1O8S.cif,A,132,cif,820.0,8.0,0.0,2328.4533474152054,Q8GJ44,bacterial,Thermoclostridium stercorarium (Clostridium stercorarium),CBM6;GH11;,GH11,1O8S_A_Repair,-14.88,-0.1127272727272727
1OD3,/home/ubuntu/xylanase-thesis/data/raw/pdb/1OD3.cif,A,132,cif,957.0,8.0,0.0,1855.5180144765368,Q8GJ44,bacterial,Thermoclostridium stercorarium (Clostridium stercorarium),CBM6;GH11;,GH11,1OD3_A_Repair,-13.47,-0.1020454545454545
1OD8,/home/ubuntu/xylanase-thesis/data/raw/pdb/1OD8.cif,A,302,cif,2779.0,63.0,2.0,2003.2188244125944,P26514,bacterial,Streptomyces lividans,CBM13;GH10;,GH10,1OD8_A_Repair,-38.13,-0.1262582781456953
1OHZ,/home/ubuntu/xylanase-thesis/data/raw/pdb/1OHZ.cif,A,140,cif,529.0,12.0,0.0,4937.663139662912,P51584,bacterial,Acetivibrio thermocellus (Hungateiclostridium thermocellum) (Clostridium thermocellum),CBM22;GH10;,GH10,1OHZ_A_Repair,-19.53,-0.1395
1PVX,/home/ubuntu/xylanase-thesis/data/raw/pdb/1PVX.cif,A,194,cif,839.0,17.0,1.0,5322.994432606731,P81536,fungal,Byssochlamys spectabilis (Paecilomyces variotii),GH11;,GH11,1PVX_A_Repair,4.58,0.0236082474226804
1QH6,/home/ubuntu/xylanase-thesis/data/raw/pdb/1QH6.cif,A,206,cif,1253.0,30.0,0.0,3164.244366002636,Q7SIE3,bacterial,Salipaludibacillus agaradhaerens (Bacillus agaradhaerens),,unknown,1QH6_A_Repair,-22.14,-0.1074757281553398
1QH7,/home/ubuntu/xylanase-thesis/data/raw/pdb/1QH7.cif,A,206,cif,1348.0,28.0,0.0,2847.7209642072366,Q7SIE3,bacterial,Salipaludibacillus agaradhaerens (Bacillus agaradhaerens),,unknown,1QH7_A_Repair,-26.06,-0.126504854368932
1QLD,/home/ubuntu/xylanase-thesis/data/raw/pdb/1QLD.cif,A,50,cif,151.0,2.0,2.0,3627.016181751226,P14768,bacterial,Cellvibrio japonicus (strain Ueda107) (Pseudomonas fluorescens subsp. cellulosa),CBM10;CBM2;GH10;,GH10,1QLD_A_Repair,95.3,1.906
1R85,/home/ubuntu/xylanase-thesis/data/raw/pdb/1R85.cif,A,371,cif,2593.0,107.0,0.0,6140.182145871181,P40943,bacterial,Geobacillus stearothermophilus (Bacillus stearothermophilus),GH10;,GH10,1R85_A_Repair,-90.23,-0.2432075471698113
1R86,/home/ubuntu/xylanase-thesis/data/raw/pdb/1R86.cif,A,371,cif,2198.0,102.0,0.0,9337.796044084533,P40943,bacterial,Geobacillus stearothermophilus (Bacillus stearothermophilus),GH10;,GH10,1R86_A_Repair,-67.99,-0.1832614555256064
1R87,/home/ubuntu/xylanase-thesis/data/raw/pdb/1R87.cif,A,371,cif,2146.0,109.0,0.0,9300.07759259708,P40943,bacterial,Geobacillus stearothermophilus (Bacillus stearothermophilus),GH10;,GH10,1R87_A_Repair,-79.44,-0.2141239892183288
1RED,/home/ubuntu/xylanase-thesis/data/raw/pdb/1RED.cif,A,189,cif,889.0,22.0,0.0,4461.808400069487,P36217,fungal,Hypocrea jecorina (strain ATCC 56765 / BCRC 32924 / NRRL 11460 / Rut C-30) (Trichoderma reesei),GH11;,GH11,1RED_A_Repair,-0.2,-0.001058201058201
1REE,/home/ubuntu/xylanase-thesis/data/raw/pdb/1REE.cif,A,189,cif,826.0,19.0,0.0,5332.61045816188,P36217,fungal,Hypocrea jecorina (strain ATCC 56765 / BCRC 32924 / NRRL 11460 / Rut C-30) (Trichoderma reesei),GH11;,GH11,1REE_A_Repair,7.65,0.0404761904761904
1REF,/home/ubuntu/xylanase-thesis/data/raw/pdb/1REF.cif,A,189,cif,876.0,20.0,0.0,4693.474695088115,P36217,fungal,Hypocrea jecorina (strain ATCC 56765 / BCRC 32924 / NRRL 11460 / Rut C-30) (Trichoderma reesei),GH11;,GH11,1REF_A_Repair,13.33,0.0705291005291005
1T6G,/home/ubuntu/xylanase-thesis/data/raw/pdb/1T6G.cif,A,368,cif,1832.0,44.0,5.0,8929.120518609689,P55329,fungal,Aspergillus niger,GH11;,GH11,1T6G_A_Repair,-47.13,-0.128070652173913
1TA3,/home/ubuntu/xylanase-thesis/data/raw/pdb/1TA3.cif,B,301,cif,2121.0,51.0,0.0,3674.039791917573,Q00177,fungal,Emericella nidulans (strain FGSC A4 / ATCC 38163 / CBS 112.46 / NRRL 194 / M139) (Aspergillus nidulans),GH10;,GH10,1TA3_B_Repair,-47.29,-0.157109634551495
1TE1,/home/ubuntu/xylanase-thesis/data/raw/pdb/1TE1.cif,A,274,cif,1254.0,64.0,2.0,8357.962700737116,Q9HFH0,fungal,Talaromyces funiculosus (Fruitlet core rot fungus) (Penicillium funiculosum),GH11;,GH11,1TE1_A_Repair,34.27,0.1250729927007299
1TUX,/home/ubuntu/xylanase-thesis/data/raw/pdb/1TUX.cif,A,301,cif,1743.0,43.0,1.0,5887.667588552062,P23360,fungal,Thermoascus aurantiacus,GH10;,GH10,1TUX_A_Repair,-35.72,-0.1186710963455149
1UKR,/home/ubuntu/xylanase-thesis/data/raw/pdb/1UKR.cif,A,181,cif,737.0,11.0,1.0,5906.535893498558,P55329,fungal,Aspergillus niger,GH11;,GH11,1UKR_A_Repair,3.08,0.0170165745856353
1UQY,/home/ubuntu/xylanase-thesis/data/raw/pdb/1UQY.cif,A,347,cif,2543.0,94.0,0.0,5582.289966872175,O68541,bacterial,Cellvibrio mixtus,GH10;,GH10,1UQY_A_Repair,-79.42,-0.2288760806916426
1UQZ,/home/ubuntu/xylanase-thesis/data/raw/pdb/1UQZ.cif,A,348,cif,2569.0,96.0,0.0,5444.578064406511,O68541,bacterial,Cellvibrio mixtus,GH10;,GH10,1UQZ_A_Repair,-84.83,-0.2437643678160919
1UR1,/home/ubuntu/xylanase-thesis/data/raw/pdb/1UR1.cif,A,346,cif,2580.0,97.0,0.0,5699.997237762178,O68541,bacterial,Cellvibrio mixtus,GH10;,GH10,1UR1_A_Repair,-85.5,-0.2471098265895953
1UR2,/home/ubuntu/xylanase-thesis/data/raw/pdb/1UR2.cif,A,351,cif,2641.0,98.0,0.0,5811.88593976572,O68541,bacterial,Cellvibrio mixtus,GH10;,GH10,1UR2_A_Repair,-86.87,-0.2474928774928775
1US2,/home/ubuntu/xylanase-thesis/data/raw/pdb/1US2.cif,A,507,cif,3367.0,88.0,3.0,8962.03972236306,Q59675,bacterial,Cellvibrio japonicus (Pseudomonas fluorescens subsp. cellulosa),CBM15;GH10;,GH10,1US2_A_Repair,0.97,0.001913214990138
1US3,/home/ubuntu/xylanase-thesis/data/raw/pdb/1US3.cif,A,482,cif,3240.0,85.0,3.0,9728.75977283325,Q59675,bacterial,Cellvibrio japonicus (Pseudomonas fluorescens subsp. cellulosa),CBM15;GH10;,GH10,1US3_A_Repair,-3.43,-0.0071161825726141
1UXX,/home/ubuntu/xylanase-thesis/data/raw/pdb/1UXX.cif,X,125,cif,596.0,12.0,0.0,3538.3811213129543,O52780,bacterial,Acetivibrio thermocellus (Hungateiclostridium thermocellum) (Clostridium thermocellum),CBM6;GH11;,GH11,1UXX_X_Repair,2.27,0.01816
1UY1,/home/ubuntu/xylanase-thesis/data/raw/pdb/1UY1.cif,A,132,cif,727.0,6.0,0.0,2907.4113125900376,Q8GJ44,bacterial,Thermoclostridium stercorarium (Clostridium stercorarium),CBM6;GH11;,GH11,1UY1_A_Repair,1.89,0.0143181818181818
1UY2,/home/ubuntu/xylanase-thesis/data/raw/pdb/1UY2.cif,A,131,cif,719.0,5.0,0.0,2807.352855776634,Q8GJ44,bacterial,Thermoclostridium stercorarium (Clostridium stercorarium),CBM6;GH11;,GH11,1UY2_A_Repair,0.96,0.0073282442748091
1UY3,/home/ubuntu/xylanase-thesis/data/raw/pdb/1UY3.cif,A,132,cif,706.0,5.0,0.0,2990.583570660318,Q8GJ44,bacterial,Thermoclostridium stercorarium (Clostridium stercorarium),CBM6;GH11;,GH11,1UY3_A_Repair,3.25,0.0246212121212121
1UY4,/home/ubuntu/xylanase-thesis/data/raw/pdb/1UY4.cif,A,132,cif,751.0,5.0,0.0,2878.348363553455,Q8GJ44,bacterial,Thermoclostridium stercorarium (Clostridium stercorarium),CBM6;GH11;,GH11,1UY4_A_Repair,4.42,0.0334848484848484
1V0K,/home/ubuntu/xylanase-thesis/data/raw/pdb/1V0K.cif,A,302,cif,3012.0,65.0,2.0,1982.4346003367511,P26514,bacterial,Streptomyces lividans,CBM13;GH10;,GH10,1V0K_A_Repair,-54.34,-0.1799337748344371
1V0L,/home/ubuntu/xylanase-thesis/data/raw/pdb/1V0L.cif,A,302,cif,2785.0,62.0,2.0,2174.9478041667385,P26514,bacterial,Streptomyces lividans,CBM13;GH10;,GH10,1V0L_A_Repair,-46.26,-0.1531788079470198
1V0M,/home/ubuntu/xylanase-thesis/data/raw/pdb/1V0M.cif,A,303,cif,2693.0,65.0,1.0,2522.879617808409,P26514,bacterial,Streptomyces lividans,CBM13;GH10;,GH10,1V0M_A_Repair,-54.38,-0.1794719471947194
1V0N,/home/ubuntu/xylanase-thesis/data/raw/pdb/1V0N.cif,A,302,cif,2667.0,62.0,1.0,2237.268545246536,P26514,bacterial,Streptomyces lividans,CBM13;GH10;,GH10,1V0N_A_Repair,-43.27,-0.1432781456953642
1V6U,/home/ubuntu/xylanase-thesis/data/raw/pdb/1V6U.cif,A,436,cif,2386.0,76.0,5.0,10534.716128998314,Q7SI98,bacterial,Streptomyces olivaceoviridis (Streptomyces corchorusii),CBM13;GH10;,GH10,1V6U_A_Repair,29.82,0.068394495412844
1V6V,/home/ubuntu/xylanase-thesis/data/raw/pdb/1V6V.cif,A,436,cif,2668.0,76.0,5.0,8272.209209611678,Q7SI98,bacterial,Streptomyces olivaceoviridis (Streptomyces corchorusii),CBM13;GH10;,GH10,1V6V_A_Repair,11.91,0.0273165137614678
1V6W,/home/ubuntu/xylanase-thesis/data/raw/pdb/1V6W.cif,A,436,cif,2730.0,72.0,5.0,7541.519092542228,Q7SI98,bacterial,Streptomyces olivaceoviridis (Streptomyces corchorusii),CBM13;GH10;,GH10,1V6W_A_Repair,18.14,0.0416055045871559
1V6X,/home/ubuntu/xylanase-thesis/data/raw/pdb/1V6X.cif,A,436,cif,2561.0,77.0,5.0,8969.924805764309,Q7SI98,bacterial,Streptomyces olivaceoviridis (Streptomyces corchorusii),CBM13;GH10;,GH10,1V6X_A_Repair,16.31,0.0374082568807339
1V6Y,/home/ubuntu/xylanase-thesis/data/raw/pdb/1V6Y.cif,A,316,cif,1915.0,55.0,2.0,7218.026268506765,Q7SI98,bacterial,Streptomyces olivaceoviridis (Streptomyces corchorusii),CBM13;GH10;,GH10,1V6Y_A_Repair,-38.94,-0.1232278481012658
1VBR,/home/ubuntu/xylanase-thesis/data/raw/pdb/1VBR.cif,A,324,cif,1986.0,96.0,0.0,6329.971915596146,Q9WXS5,bacterial,Thermotoga maritima (strain ATCC 43589 / DSM 3109 / JCM 10099 / NBRC 100826 / MSB8),GH10;,GH10,1VBR_A_Repair,-103.61,-0.3197839506172839
1VBU,/home/ubuntu/xylanase-thesis/data/raw/pdb/1VBU.cif,A,324,cif,2012.0,89.0,0.0,6696.659979857541,Q9WXS5,bacterial,Thermotoga maritima (strain ATCC 43589 / DSM 3109 / JCM 10099 / NBRC 100826 / MSB8),GH10;,GH10,1VBU_A_Repair,-116.04,-0.3581481481481481
1W2P,/home/ubuntu/xylanase-thesis/data/raw/pdb/1W2P.cif,A,346,cif,2493.0,72.0,1.0,6100.584921445915,P14768,bacterial,Cellvibrio japonicus (strain Ueda107) (Pseudomonas fluorescens subsp. cellulosa),CBM10;CBM2;GH10;,GH10,1W2P_A_Repair,-9.5,-0.0274566473988439
1W2V,/home/ubuntu/xylanase-thesis/data/raw/pdb/1W2V.cif,A,346,cif,2244.0,70.0,1.0,7688.821234370547,P14768,bacterial,Cellvibrio japonicus (strain Ueda107) (Pseudomonas fluorescens subsp. cellulosa),CBM10;CBM2;GH10;,GH10,1W2V_A_Repair,0.23,0.000664739884393
1W32,/home/ubuntu/xylanase-thesis/data/raw/pdb/1W32.cif,A,346,cif,2676.0,70.0,1.0,5395.163953558196,P14768,bacterial,Cellvibrio japonicus (strain Ueda107) (Pseudomonas fluorescens subsp. cellulosa),CBM10;CBM2;GH10;,GH10,1W32_A_Repair,-22.86,-0.0660693641618497
1W3H,/home/ubuntu/xylanase-thesis/data/raw/pdb/1W3H.cif,A,348,cif,2117.0,73.0,1.0,7798.142714822167,P14768,bacterial,Cellvibrio japonicus (strain Ueda107) (Pseudomonas fluorescens subsp. cellulosa),CBM10;CBM2;GH10;,GH10,1W3H_A_Repair,15.7,0.0451149425287356
1WB4,/home/ubuntu/xylanase-thesis/data/raw/pdb/1WB4.cif,A,283,cif,1893.0,49.0,0.0,4242.015188998425,P51584,bacterial,Acetivibrio thermocellus (Hungateiclostridium thermocellum) (Clostridium thermocellum),CBM22;GH10;,GH10,1WB4_A_Repair,-63.66,-0.224946996466431
1WB5,/home/ubuntu/xylanase-thesis/data/raw/pdb/1WB5.cif,A,283,cif,1778.0,50.0,0.0,4844.9157344410905,P51584,bacterial,Acetivibrio thermocellus (Hungateiclostridium thermocellum) (Clostridium thermocellum),CBM22;GH10;,GH10,1WB5_A_Repair,-60.43,-0.2135335689045936
1WB6,/home/ubuntu/xylanase-thesis/data/raw/pdb/1WB6.cif,A,283,cif,1817.0,49.0,0.0,4440.089929170324,P51584,bacterial,Acetivibrio thermocellus (Hungateiclostridium thermocellum) (Clostridium thermocellum),CBM22;GH10;,GH10,1WB6_A_Repair,-60.28,-0.2130035335689045
1XAS,/home/ubuntu/xylanase-thesis/data/raw/pdb/1XAS.cif,,0,cif,,,,,P26514,bacterial,Streptomyces lividans,CBM13;GH10;,GH10,1XAS__Repair,,
1XBD,/home/ubuntu/xylanase-thesis/data/raw/pdb/1XBD.cif,A,87,cif,214.0,3.0,1.0,4853.747103248706,P54865,bacterial,Cellulomonas fimi,CBM2;GH11;,GH11,1XBD_A_Repair,87.29,1.0033333333333334
1XNB,/home/ubuntu/xylanase-thesis/data/raw/pdb/1XNB.cif,A,185,cif,934.0,10.0,0.0,4478.973270647356,P09850,bacterial,Niallia circulans (Bacillus circulans),GH11;,GH11,1XNB_A_Repair,-8.58,-0.0463783783783783
1XNC,/home/ubuntu/xylanase-thesis/data/raw/pdb/1XNC.cif,A,185,cif,902.0,10.0,1.0,4593.373537747367,P09850,bacterial,Niallia circulans (Bacillus circulans),GH11;,GH11,1XNC_A_Repair,-9.11,-0.0492432432432432
1XND,/home/ubuntu/xylanase-thesis/data/raw/pdb/1XND.cif,A,190,cif,779.0,22.0,0.0,6491.565903821504,P48793,fungal,Trichoderma harzianum (Hypocrea lixii),GH11;,GH11,1XND_A_Repair,33.9,0.1784210526315789
1XNK,/home/ubuntu/xylanase-thesis/data/raw/pdb/1XNK.cif,A,190,cif,1175.0,18.0,0.0,3331.5592949811503,Q8J1V6,fungal,Thermochaetoides thermophila,GH11;,GH11,1XNK_A_Repair,-7.35,-0.0386842105263157
1XXN,/home/ubuntu/xylanase-thesis/data/raw/pdb/1XXN.cif,A,185,cif,997.0,12.0,0.0,4274.847797891904,P18429,bacterial,Bacillus subtilis (strain 168),GH11;,GH11,1XXN_A_Repair,-5.88,-0.0317837837837837
1XYF,/home/ubuntu/xylanase-thesis/data/raw/pdb/1XYF.cif,A,427,cif,2221.0,76.0,5.0,11215.03363530085,Q7SI98,bacterial,Streptomyces olivaceoviridis (Streptomyces corchorusii),CBM13;GH10;,GH10,1XYF_A_Repair,0.39,0.0009133489461358
1XYN,/home/ubuntu/xylanase-thesis/data/raw/pdb/1XYN.cif,A,178,cif,686.0,10.0,0.0,5478.627751426729,P36218,fungal,Hypocrea jecorina (strain ATCC 56765 / BCRC 32924 / NRRL 11460 / Rut C-30) (Trichoderma reesei),GH11;,GH11,1XYN_A_Repair,31.07,0.1745505617977528
1XYO,/home/ubuntu/xylanase-thesis/data/raw/pdb/1XYO.cif,A,189,cif,891.0,19.0,0.0,4658.243216309838,P36217,fungal,Hypocrea jecorina (strain ATCC 56765 / BCRC 32924 / NRRL 11460 / Rut C-30) (Trichoderma reesei),GH11;,GH11,1XYO_A_Repair,-0.92,-0.0048677248677248
1XYP,/home/ubuntu/xylanase-thesis/data/raw/pdb/1XYP.cif,A,189,cif,928.0,19.0,0.0,4216.918839979008,P36217,fungal,Hypocrea jecorina (strain ATCC 56765 / BCRC 32924 / NRRL 11460 / Rut C-30) (Trichoderma reesei),GH11;,GH11,1XYP_A_Repair,3.5,0.0185185185185185
1XYS,/home/ubuntu/xylanase-thesis/data/raw/pdb/1XYS.cif,,0,cif,,,,,P14768,bacterial,Cellvibrio japonicus (strain Ueda107) (Pseudomonas fluorescens subsp. cellulosa),CBM10;CBM2;GH10;,GH10,1XYS__Repair,,
1XYZ,/home/ubuntu/xylanase-thesis/data/raw/pdb/1XYZ.cif,A,320,cif,1806.0,55.0,0.0,7710.790291266132,P10478,bacterial,Acetivibrio thermocellus (strain ATCC 27405 / DSM 1237 / JCM 9322 / NBRC 103400 / NCIMB 10682 / NRRL B-4536 / VPI 7372) (Clostridium thermocellum),CBM6;GH10;,GH10,1XYZ_A_Repair,-83.0,-0.259375
1YNA,/home/ubuntu/xylanase-thesis/data/raw/pdb/1YNA.cif,A,193,cif,915.0,22.0,1.0,5113.730922765446,O43097,fungal,Thermomyces lanuginosus (Humicola lanuginosa),GH11;,GH11,1YNA_A_Repair,-18.15,-0.094041450777202
2B42,/home/ubuntu/xylanase-thesis/data/raw/pdb/2B42.cif,A,364,cif,1229.0,37.0,5.0,15344.025869117717,P18429,bacterial,Bacillus subtilis (strain 168),GH11;,GH11,2B42_A_Repair,-15.7,-0.0431318681318681
2B45,/home/ubuntu/xylanase-thesis/data/raw/pdb/2B45.cif,X,185,cif,899.0,9.0,0.0,4327.947763471486,P18429,bacterial,Bacillus subtilis (strain 168),GH11;,GH11,2B45_X_Repair,-11.41,-0.0616756756756756
2B46,/home/ubuntu/xylanase-thesis/data/raw/pdb/2B46.cif,X,185,cif,765.0,9.0,0.0,6107.620317131703,P18429,bacterial,Bacillus subtilis (strain 168),GH11;,GH11,2B46_X_Repair,-2.67,-0.0144324324324324
2BNJ,/home/ubuntu/xylanase-thesis/data/raw/pdb/2BNJ.cif,A,301,cif,2535.0,46.0,1.0,2257.6709150185206,P23360,fungal,Thermoascus aurantiacus,GH10;,GH10,2BNJ_A_Repair,-79.91,-0.2654817275747508
2BVV,/home/ubuntu/xylanase-thesis/data/raw/pdb/2BVV.cif,A,185,cif,900.0,10.0,0.0,4400.017230980121,P09850,bacterial,Niallia circulans (Bacillus circulans),GH11;,GH11,2BVV_A_Repair,-2.84,-0.0153513513513513
2C1F,/home/ubuntu/xylanase-thesis/data/raw/pdb/2C1F.cif,A,219,cif,1015.0,17.0,0.0,6016.21327869872,P29127,fungal,Neocallimastix patriciarum (Rumen fungus),GH11;,GH11,2C1F_A_Repair,-3.04,-0.0138812785388127
2C71,/home/ubuntu/xylanase-thesis/data/raw/pdb/2C71.cif,A,205,cif,1629.0,35.0,0.0,2704.583267335036,O87119,bacterial,Acetivibrio thermocellus (Hungateiclostridium thermocellum) (Clostridium thermocellum),CBM6;GH11;,GH11,2C71_A_Repair,-56.78,-0.2769756097560976
2C79,/home/ubuntu/xylanase-thesis/data/raw/pdb/2C79.cif,A,205,cif,1501.0,35.0,0.0,3072.599672368596,O87119,bacterial,Acetivibrio thermocellus (Hungateiclostridium thermocellum) (Clostridium thermocellum),CBM6;GH11;,GH11,2C79_A_Repair,-63.92,-0.3118048780487805
2CCL,/home/ubuntu/xylanase-thesis/data/raw/pdb/2CCL.cif,A,149,cif,726.0,16.0,0.0,4084.12216028181,P51584,bacterial,Acetivibrio thermocellus (Hungateiclostridium thermocellum) (Clostridium thermocellum),CBM22;GH10;,GH10,2CCL_A_Repair,-13.25,-0.0889261744966442
2CNC,/home/ubuntu/xylanase-thesis/data/raw/pdb/2CNC.cif,A,350,cif,1929.0,98.0,0.0,8730.809694033062,O68541,bacterial,Cellvibrio mixtus,GH10;,GH10,2CNC_A_Repair,13.84,0.0395428571428571
2D1Z,/home/ubuntu/xylanase-thesis/data/raw/pdb/2D1Z.cif,A,427,cif,2637.0,73.0,5.0,7266.159803357626,Q7SI98,bacterial,Streptomyces olivaceoviridis (Streptomyces corchorusii),CBM13;GH10;,GH10,2D1Z_A_Repair,-6.76,-0.015831381733021
2D20,/home/ubuntu/xylanase-thesis/data/raw/pdb/2D20.cif,A,427,cif,2490.0,73.0,5.0,8322.453103044407,Q7SI98,bacterial,Streptomyces olivaceoviridis (Streptomyces corchorusii),CBM13;GH10;,GH10,2D20_A_Repair,-12.18,-0.0285245901639344
2D22,/home/ubuntu/xylanase-thesis/data/raw/pdb/2D22.cif,A,427,cif,2584.0,68.0,5.0,7786.02524009889,Q7SI98,bacterial,Streptomyces olivaceoviridis (Streptomyces corchorusii),CBM13;GH10;,GH10,2D22_A_Repair,-14.2,-0.033255269320843
2D23,/home/ubuntu/xylanase-thesis/data/raw/pdb/2D23.cif,A,427,cif,2483.0,79.0,5.0,9131.2834133017,Q7SI98,bacterial,Streptomyces olivaceoviridis (Streptomyces corchorusii),CBM13;GH10;,GH10,2D23_A_Repair,7.44,0.017423887587822
2D24,/home/ubuntu/xylanase-thesis/data/raw/pdb/2D24.cif,A,427,cif,2430.0,75.0,5.0,8811.529159922244,Q7SI98,bacterial,Streptomyces olivaceoviridis (Streptomyces corchorusii),CBM13;GH10;,GH10,2D24_A_Repair,-15.79,-0.0369789227166276
2D97,/home/ubuntu/xylanase-thesis/data/raw/pdb/2D97.cif,A,185,cif,816.0,19.0,0.0,5113.191159448448,P36217,fungal,Hypocrea jecorina (strain ATCC 56765 / BCRC 32924 / NRRL 11460 / Rut C-30) (Trichoderma reesei),GH11;,GH11,2D97_A_Repair,4.88,0.0263783783783783
2D98,/home/ubuntu/xylanase-thesis/data/raw/pdb/2D98.cif,A,183,cif,734.0,18.0,0.0,6047.796614423943,P36217,fungal,Hypocrea jecorina (strain ATCC 56765 / BCRC 32924 / NRRL 11460 / Rut C-30) (Trichoderma reesei),GH11;,GH11,2D98_A_Repair,-0.64,-0.0034972677595628
2DCJ,/home/ubuntu/xylanase-thesis/data/raw/pdb/2DCJ.cif,A,327,cif,2091.0,38.0,0.0,5128.956814923887,Q9RC94,bacterial,Bacillus sp. 41M-1,CBM36;GH11;,GH11,2DCJ_A_Repair,13.72,0.0419571865443425
2DCK,/home/ubuntu/xylanase-thesis/data/raw/pdb/2DCK.cif,A,320,cif,1720.0,31.0,0.0,6795.710324721146,Q9RC94,bacterial,Bacillus sp. 41M-1,CBM36;GH11;,GH11,2DCK_A_Repair,3.5,0.0109375
2DCY,/home/ubuntu/xylanase-thesis/data/raw/pdb/2DCY.cif,A,185,cif,792.0,10.0,0.0,6176.931880980715,P18429,bacterial,Bacillus subtilis (strain 168),GH11;,GH11,2DCY_A_Repair,-7.16,-0.0387027027027027
2DCZ,/home/ubuntu/xylanase-thesis/data/raw/pdb/2DCZ.cif,A,185,cif,792.0,12.0,0.0,5976.70551426586,P18429,bacterial,Bacillus subtilis (strain 168),GH11;,GH11,2DCZ_A_Repair,-11.85,-0.064054054054054
2DEP,/home/ubuntu/xylanase-thesis/data/raw/pdb/2DEP.cif,A,340,cif,2166.0,95.0,0.0,7625.931852454073,P40942,bacterial,Thermoclostridium stercorarium (Clostridium stercorarium),GH10;,GH10,2DEP_A_Repair,-67.07,-0.1972647058823529
2DFB,/home/ubuntu/xylanase-thesis/data/raw/pdb/2DFB.cif,A,189,cif,1223.0,19.0,0.0,2481.3640489442664,P36217,fungal,Hypocrea jecorina (strain ATCC 56765 / BCRC 32924 / NRRL 11460 / Rut C-30) (Trichoderma reesei),GH11;,GH11,2DFB_A_Repair,-16.42,-0.0868783068783068
2DFC,/home/ubuntu/xylanase-thesis/data/raw/pdb/2DFC.cif,A,189,cif,1055.0,19.0,0.0,3705.172975114647,P36217,fungal,Hypocrea jecorina (strain ATCC 56765 / BCRC 32924 / NRRL 11460 / Rut C-30) (Trichoderma reesei),GH11;,GH11,2DFC_A_Repair,-12.17,-0.0643915343915343
2EXO,/home/ubuntu/xylanase-thesis/data/raw/pdb/2EXO.cif,A,312,cif,1466.0,68.0,2.0,10736.742515206346,P07986,bacterial,Cellulomonas fimi,CBM2;GH10;,GH10,2EXO_A_Repair,-18.58,-0.059551282051282
2F6B,/home/ubuntu/xylanase-thesis/data/raw/pdb/2F6B.cif,A,206,cif,734.0,29.0,0.0,8165.738774758674,Q7SIE3,bacterial,Salipaludibacillus agaradhaerens (Bacillus agaradhaerens),,unknown,2F6B_A_Repair,3.82,0.0185436893203883
2F8Q,/home/ubuntu/xylanase-thesis/data/raw/pdb/2F8Q.cif,A,353,cif,2167.0,95.0,0.0,6173.7265768281095,O30700,bacterial,Bacillus sp. NG-27,GH10;,GH10,2F8Q_A_Repair,-25.94,-0.0734844192634561
2FGL,/home/ubuntu/xylanase-thesis/data/raw/pdb/2FGL.cif,A,354,cif,1984.0,99.0,0.0,7997.071641470196,O30700,bacterial,Bacillus sp. NG-27,GH10;,GH10,2FGL_A_Repair,-20.3,-0.0573446327683615
2G3I,/home/ubuntu/xylanase-thesis/data/raw/pdb/2G3I.cif,A,303,cif,1805.0,56.0,1.0,5746.345795065491,Q7SI98,bacterial,Streptomyces olivaceoviridis (Streptomyces corchorusii),CBM13;GH10;,GH10,2G3I_A_Repair,-29.74,-0.0981518151815181
2G3J,/home/ubuntu/xylanase-thesis/data/raw/pdb/2G3J.cif,A,301,cif,1442.0,57.0,1.0,9271.675069168135,Q7SI98,bacterial,Streptomyces olivaceoviridis (Streptomyces corchorusii),CBM13;GH10;,GH10,2G3J_A_Repair,-0.01,-3.322259136212625e-05
2G4F,/home/ubuntu/xylanase-thesis/data/raw/pdb/2G4F.cif,A,302,cif,1422.0,64.0,1.0,9757.57292755478,Q7SI98,bacterial,Streptomyces olivaceoviridis (Streptomyces corchorusii),CBM13;GH10;,GH10,2G4F_A_Repair,-2.14,-0.0070860927152317
2HIS,/home/ubuntu/xylanase-thesis/data/raw/pdb/2HIS.cif,A,312,cif,1450.0,59.0,2.0,9130.042471637156,P07986,bacterial,Cellulomonas fimi,CBM2;GH10;,GH10,2HIS_A_Repair,1.39,0.0044551282051282
2JIC,/home/ubuntu/xylanase-thesis/data/raw/pdb/2JIC.cif,A,189,cif,897.0,17.0,0.0,4876.917605705995,F8W669,fungal,Trichoderma longibrachiatum,,unknown,2JIC_A_Repair,8.16,0.0431746031746031
2NQY,/home/ubuntu/xylanase-thesis/data/raw/pdb/2NQY.cif,A,206,cif,842.0,32.0,0.0,6791.752169305038,Q7SIE3,bacterial,Salipaludibacillus agaradhaerens (Bacillus agaradhaerens),,unknown,2NQY_A_Repair,-7.64,-0.0370873786407767
2Q8X,/home/ubuntu/xylanase-thesis/data/raw/pdb/2Q8X.cif,A,330,cif,2182.0,108.0,0.0,6451.3870574987295,Q09LY9,bacterial,Geobacillus stearothermophilus (Bacillus stearothermophilus),GH10;,GH10,2Q8X_A_Repair,-60.32,-0.1827878787878787
2QZ2,/home/ubuntu/xylanase-thesis/data/raw/pdb/2QZ2.cif,A,183,cif,633.0,9.0,1.0,6821.598669248536,P55329,fungal,Aspergillus niger,GH11;,GH11,2QZ2_A_Repair,11.88,0.0649180327868852
2QZ3,/home/ubuntu/xylanase-thesis/data/raw/pdb/2QZ3.cif,A,184,cif,919.0,10.0,0.0,4418.299214206491,P18429,bacterial,Bacillus subtilis (strain 168),GH11;,GH11,2QZ3_A_Repair,-17.48,-0.095
2UWF,/home/ubuntu/xylanase-thesis/data/raw/pdb/2UWF.cif,A,356,cif,1930.0,99.0,0.0,11272.393738748777,P07528,bacterial,Halalkalibacterium halodurans (strain ATCC BAA-125 / DSM 18197 / FERM 7344 / JCM 9153 / C-125) (Bacillus halodurans),GH10;,GH10,2UWF_A_Repair,-46.53,-0.1307022471910112
2VG9,/home/ubuntu/xylanase-thesis/data/raw/pdb/2VG9.cif,A,217,cif,1163.0,18.0,0.0,3921.121982618328,P29127,fungal,Neocallimastix patriciarum (Rumen fungus),GH11;,GH11,2VG9_A_Repair,-9.65,-0.0444700460829493
2W5F,/home/ubuntu/xylanase-thesis/data/raw/pdb/2W5F.cif,B,513,cif,3838.0,76.0,0.0,5458.664789936015,P51584,bacterial,Acetivibrio thermocellus (Hungateiclostridium thermocellum) (Clostridium thermocellum),CBM22;GH10;,GH10,2W5F_B_Repair,-57.08,-0.1112670565302144
2WYS,/home/ubuntu/xylanase-thesis/data/raw/pdb/2WYS.cif,B,507,cif,2501.0,75.0,0.0,14898.50073101969,P51584,bacterial,Acetivibrio thermocellus (Hungateiclostridium thermocellum) (Clostridium thermocellum),CBM22;GH10;,GH10,2WYS_B_Repair,144.29,0.2845956607495069
2WZE,/home/ubuntu/xylanase-thesis/data/raw/pdb/2WZE.cif,B,507,cif,3197.0,73.0,0.0,9607.91563424503,P51584,bacterial,Acetivibrio thermocellus (Hungateiclostridium thermocellum) (Clostridium thermocellum),CBM22;GH10;,GH10,2WZE_B_Repair,35.29,0.0696055226824457
2XBD,/home/ubuntu/xylanase-thesis/data/raw/pdb/2XBD.cif,A,87,cif,206.0,3.0,1.0,5106.526446563044,P54865,bacterial,Cellulomonas fimi,CBM2;GH11;,GH11,2XBD_A_Repair,75.97,0.8732183908045977
2XYL,/home/ubuntu/xylanase-thesis/data/raw/pdb/2XYL.cif,A,312,cif,1536.0,66.0,2.0,9323.546257329936,P07986,bacterial,Cellulomonas fimi,CBM2;GH10;,GH10,2XYL_A_Repair,-16.1,-0.0516025641025641
2Y64,/home/ubuntu/xylanase-thesis/data/raw/pdb/2Y64.cif,A,167,cif,946.0,11.0,0.0,3624.6015662040486,Q7WTN6,bacterial,Rhodothermus marinus (Rhodothermus obamensis),CBM4;GH10;,GH10,2Y64_A_Repair,-12.98,-0.0777245508982036
2Y6G,/home/ubuntu/xylanase-thesis/data/raw/pdb/2Y6G.cif,A,167,cif,928.0,12.0,0.0,3471.358584703198,Q7WTN6,bacterial,Rhodothermus marinus (Rhodothermus obamensis),CBM4;GH10;,GH10,2Y6G_A_Repair,-11.95,-0.0715568862275449
2Y6H,/home/ubuntu/xylanase-thesis/data/raw/pdb/2Y6H.cif,A,167,cif,1000.0,12.0,0.0,2984.118499704867,Q7WTN6,bacterial,Rhodothermus marinus (Rhodothermus obamensis),CBM4;GH10;,GH10,2Y6H_A_Repair,-13.38,-0.0801197604790419
2Y6J,/home/ubuntu/xylanase-thesis/data/raw/pdb/2Y6J.cif,A,167,cif,920.0,9.0,0.0,3691.836348813481,Q7WTN6,bacterial,Rhodothermus marinus (Rhodothermus obamensis),CBM4;GH10;,GH10,2Y6J_A_Repair,-15.71,-0.0940718562874251
2Y6K,/home/ubuntu/xylanase-thesis/data/raw/pdb/2Y6K.cif,A,165,cif,988.0,14.0,0.0,3146.620797764606,Q7WTN6,bacterial,Rhodothermus marinus (Rhodothermus obamensis),CBM4;GH10;,GH10,2Y6K_A_Repair,-18.71,-0.1133939393939394
2Y6L,/home/ubuntu/xylanase-thesis/data/raw/pdb/2Y6L.cif,A,167,cif,996.0,12.0,0.0,3391.513474315001,Q7WTN6,bacterial,Rhodothermus marinus (Rhodothermus obamensis),CBM4;GH10;,GH10,2Y6L_A_Repair,-22.39,-0.1340718562874251
2Z79,/home/ubuntu/xylanase-thesis/data/raw/pdb/2Z79.cif,A,184,cif,1002.0,10.0,0.0,3739.729476428114,P18429,bacterial,Bacillus subtilis (strain 168),GH11;,GH11,2Z79_A_Repair,-13.9,-0.0755434782608695
3AKP,/home/ubuntu/xylanase-thesis/data/raw/pdb/3AKP.cif,A,189,cif,1158.0,19.0,0.0,3375.3503445370284,F8W669,fungal,Trichoderma longibrachiatum,,unknown,3AKP_A_Repair,-2.5,-0.0132275132275132
3AKQ,/home/ubuntu/xylanase-thesis/data/raw/pdb/3AKQ.cif,A,189,cif,1388.0,17.0,0.0,2375.052126290189,F8W669,fungal,Trichoderma longibrachiatum,,unknown,3AKQ_A_Repair,-1.63,-0.0086243386243386
3AKR,/home/ubuntu/xylanase-thesis/data/raw/pdb/3AKR.cif,A,189,cif,1178.0,19.0,0.0,3029.147676058264,F8W669,fungal,Trichoderma longibrachiatum,,unknown,3AKR_A_Repair,20.55,0.1087301587301587
3AKS,/home/ubuntu/xylanase-thesis/data/raw/pdb/3AKS.cif,A,189,cif,1162.0,19.0,0.0,3139.2988134305883,F8W669,fungal,Trichoderma longibrachiatum,,unknown,3AKS_A_Repair,8.37,0.0442857142857142
3AKT,/home/ubuntu/xylanase-thesis/data/raw/pdb/3AKT.cif,A,189,cif,1100.0,19.0,0.0,3713.193875849491,F8W669,fungal,Trichoderma longibrachiatum,,unknown,3AKT_A_Repair,-5.51,-0.0291534391534391
3B5L,/home/ubuntu/xylanase-thesis/data/raw/pdb/3B5L.cif,B,198,cif,1014.0,30.0,0.0,4702.012438079962,Q8GMV7,bacterial,Thermopolyspora flexuosa,CBM2;GH11;,GH11,3B5L_B_Repair,-6.77,-0.0341919191919191
3CUF,/home/ubuntu/xylanase-thesis/data/raw/pdb/3CUF.cif,A,314,cif,2123.0,64.0,2.0,4618.855322486271,P07986,bacterial,Cellulomonas fimi,CBM2;GH10;,GH10,3CUF_A_Repair,-62.36,-0.1985987261146496
3CUG,/home/ubuntu/xylanase-thesis/data/raw/pdb/3CUG.cif,A,314,cif,2337.0,63.0,2.0,3452.337497822776,P07986,bacterial,Cellulomonas fimi,CBM2;GH10;,GH10,3CUG_A_Repair,-62.6,-0.1993630573248407
3CUH,/home/ubuntu/xylanase-thesis/data/raw/pdb/3CUH.cif,A,314,cif,2129.0,67.0,2.0,4354.871602070242,P07986,bacterial,Cellulomonas fimi,CBM2;GH10;,GH10,3CUH_A_Repair,-63.95,-0.2036624203821656
3CUI,/home/ubuntu/xylanase-thesis/data/raw/pdb/3CUI.cif,A,314,cif,2296.0,63.0,2.0,3729.989094069367,P07986,bacterial,Cellulomonas fimi,CBM2;GH10;,GH10,3CUI_A_Repair,-59.36,-0.1890445859872611
3CUJ,/home/ubuntu/xylanase-thesis/data/raw/pdb/3CUJ.cif,A,314,cif,2123.0,64.0,2.0,4900.722559082858,P07986,bacterial,Cellulomonas fimi,CBM2;GH10;,GH10,3CUJ_A_Repair,-63.61,-0.2025796178343949
3EMC,/home/ubuntu/xylanase-thesis/data/raw/pdb/3EMC.cif,A,331,cif,2006.0,92.0,0.0,8650.015734698882,O69231,bacterial,Paenibacillus barcinonensis,GH10;,GH10,3EMC_A_Repair,-6.11,-0.0184592145015105
3EMQ,/home/ubuntu/xylanase-thesis/data/raw/pdb/3EMQ.cif,A,331,cif,1869.0,92.0,0.0,8776.577546783908,O69231,bacterial,Paenibacillus barcinonensis,GH10;,GH10,3EMQ_A_Repair,70.02,0.2115407854984894
3EMZ,/home/ubuntu/xylanase-thesis/data/raw/pdb/3EMZ.cif,A,331,cif,1965.0,89.0,0.0,8737.435363204962,O69231,bacterial,Paenibacillus barcinonensis,GH10;,GH10,3EMZ_A_Repair,-10.19,-0.0307854984894259
3EXU,/home/ubuntu/xylanase-thesis/data/raw/pdb/3EXU.cif,A,185,cif,874.0,8.0,0.0,5197.817962350967,P18429,bacterial,Bacillus subtilis (strain 168),GH11;,GH11,3EXU_A_Repair,-8.89,-0.048054054054054
3HD8,/home/ubuntu/xylanase-thesis/data/raw/pdb/3HD8.cif,A,370,cif,1211.0,41.0,5.0,16115.88831720435,P18429,bacterial,Bacillus subtilis (strain 168),GH11;,GH11,3HD8_A_Repair,25.81,0.0697567567567567
3JXS,/home/ubuntu/xylanase-thesis/data/raw/pdb/3JXS.cif,A,166,cif,793.0,7.0,0.0,4610.718245655095,Q7WTN6,bacterial,Rhodothermus marinus (Rhodothermus obamensis),CBM4;GH10;,GH10,3JXS_A_Repair,-12.88,-0.0775903614457831
3LB9,/home/ubuntu/xylanase-thesis/data/raw/pdb/3LB9.cif,A,182,cif,593.0,6.0,0.0,7407.878555925532,P09850,bacterial,Niallia circulans (Bacillus circulans),GH11;,GH11,3LB9_A_Repair,67.74,0.3721978021978022
3LGR,/home/ubuntu/xylanase-thesis/data/raw/pdb/3LGR.cif,A,189,cif,1397.0,19.0,0.0,1830.1920024677693,P36217,fungal,Hypocrea jecorina (strain ATCC 56765 / BCRC 32924 / NRRL 11460 / Rut C-30) (Trichoderma reesei),GH11;,GH11,3LGR_A_Repair,-7.27,-0.0384656084656084
3M4F,/home/ubuntu/xylanase-thesis/data/raw/pdb/3M4F.cif,A,181,cif,1032.0,9.0,1.0,3303.5411265638168,Q6VAY1,fungal,Acidomyces acidophilus,GH11;,GH11,3M4F_A_Repair,-6.43,-0.035524861878453
3MF6,/home/ubuntu/xylanase-thesis/data/raw/pdb/3MF6.cif,A,193,cif,1023.0,29.0,0.0,4097.19971828639,Q8GMV7,bacterial,Thermopolyspora flexuosa,CBM2;GH11;,GH11,3MF6_A_Repair,-8.61,-0.0446113989637305
3MF9,/home/ubuntu/xylanase-thesis/data/raw/pdb/3MF9.cif,A,193,cif,1039.0,28.0,0.0,3919.175740836691,Q8GMV7,bacterial,Thermopolyspora flexuosa,CBM2;GH11;,GH11,3MF9_A_Repair,-9.22,-0.0477720207253886
3MFA,/home/ubuntu/xylanase-thesis/data/raw/pdb/3MFA.cif,A,194,cif,1004.0,28.0,0.0,4199.079306095596,Q8GMV7,bacterial,Thermopolyspora flexuosa,CBM2;GH11;,GH11,3MFA_A_Repair,-2.48,-0.0127835051546391
3MFC,/home/ubuntu/xylanase-thesis/data/raw/pdb/3MFC.cif,A,187,cif,1039.0,26.0,0.0,3641.991852337996,Q8GMV7,bacterial,Thermopolyspora flexuosa,CBM2;GH11;,GH11,3MFC_A_Repair,-2.73,-0.0145989304812834
3MMD,/home/ubuntu/xylanase-thesis/data/raw/pdb/3MMD.cif,A,371,cif,2190.0,105.0,0.0,9018.133990166263,P40943,bacterial,Geobacillus stearothermophilus (Bacillus stearothermophilus),GH10;,GH10,3MMD_A_Repair,-45.59,-0.1228840970350404
3MS8,/home/ubuntu/xylanase-thesis/data/raw/pdb/3MS8.cif,A,330,cif,1895.0,103.0,0.0,8933.423884792952,Q09LY9,bacterial,Geobacillus stearothermophilus (Bacillus stearothermophilus),GH10;,GH10,3MS8_A_Repair,-57.37,-0.1738484848484848
3MSD,/home/ubuntu/xylanase-thesis/data/raw/pdb/3MSD.cif,A,330,cif,2097.0,104.0,0.0,6879.778652980831,Q09LY9,bacterial,Geobacillus stearothermophilus (Bacillus stearothermophilus),GH10;,GH10,3MSD_A_Repair,-48.68,-0.1475151515151515
3MSG,/home/ubuntu/xylanase-thesis/data/raw/pdb/3MSG.cif,A,330,cif,2065.0,107.0,0.0,7131.72600202953,Q09LY9,bacterial,Geobacillus stearothermophilus (Bacillus stearothermophilus),GH10;,GH10,3MSG_A_Repair,-55.61,-0.1685151515151515
3MUA,/home/ubuntu/xylanase-thesis/data/raw/pdb/3MUA.cif,A,330,cif,2065.0,107.0,0.0,7130.907215019409,Q09LY9,bacterial,Geobacillus stearothermophilus (Bacillus stearothermophilus),GH10;,GH10,3MUA_A_Repair,-54.86,-0.1662424242424242
3MUI,/home/ubuntu/xylanase-thesis/data/raw/pdb/3MUI.cif,A,330,cif,1830.0,106.0,0.0,9535.162719537802,Q09LY9,bacterial,Geobacillus stearothermophilus (Bacillus stearothermophilus),GH10;,GH10,3MUI_A_Repair,-52.63,-0.1594848484848484
3NIY,/home/ubuntu/xylanase-thesis/data/raw/pdb/3NIY.cif,A,326,cif,2040.0,81.0,0.0,7662.149640529132,A5IL00,bacterial,Thermotoga petrophila (strain ATCC BAA-488 / DSM 13995 / JCM 10881 / RKU-1),GH10;,GH10,3NIY_A_Repair,-112.52,-0.3451533742331288
3NJ3,/home/ubuntu/xylanase-thesis/data/raw/pdb/3NJ3.cif,A,327,cif,1724.0,80.0,0.0,10376.715243122711,A5IL00,bacterial,Thermotoga petrophila (strain ATCC BAA-488 / DSM 13995 / JCM 10881 / RKU-1),GH10;,GH10,3NJ3_A_Repair,-100.93,-0.3086544342507645
3NYD,/home/ubuntu/xylanase-thesis/data/raw/pdb/3NYD.cif,A,304,cif,2091.0,44.0,1.0,4185.408489734312,P23360,fungal,Thermoascus aurantiacus,GH10;,GH10,3NYD_A_Repair,-74.69,-0.2456907894736842
3O2L,/home/ubuntu/xylanase-thesis/data/raw/pdb/3O2L.cif,A,306,cif,1727.0,38.0,0.0,7570.457810438913,P23360,fungal,Thermoascus aurantiacus,GH10;,GH10,3O2L_A_Repair,-52.57,-0.171797385620915
3RDK,/home/ubuntu/xylanase-thesis/data/raw/pdb/3RDK.cif,B,334,cif,2172.0,70.0,0.0,6894.033755310198,C6CRV0,bacterial,Paenibacillus sp. (strain JDR-2),CBM22;CBM9;GH10;,GH10,3RDK_B_Repair,-70.08,-0.2098203592814371
3RI8,/home/ubuntu/xylanase-thesis/data/raw/pdb/3RI8.cif,A,182,cif,753.0,9.0,1.0,5836.970991617958,P33557,fungal,Aspergillus kawachii (strain NBRC 4308) (White koji mold) (Aspergillus awamori var. kawachi),GH11;,GH11,3RI8_A_Repair,13.2,0.0725274725274725
3RI9,/home/ubuntu/xylanase-thesis/data/raw/pdb/3RI9.cif,A,182,cif,731.0,11.0,1.0,6090.623622291771,P33557,fungal,Aspergillus kawachii (strain NBRC 4308) (White koji mold) (Aspergillus awamori var. kawachi),GH11;,GH11,3RI9_A_Repair,16.52,0.0907692307692307
3RO8,/home/ubuntu/xylanase-thesis/data/raw/pdb/3RO8.cif,A,304,cif,2117.0,59.0,0.0,5882.10465734301,C6CRV0,bacterial,Paenibacillus sp. (strain JDR-2),CBM22;CBM9;GH10;,GH10,3RO8_A_Repair,-30.07,-0.0989144736842105
3U7B,/home/ubuntu/xylanase-thesis/data/raw/pdb/3U7B.cif,A,327,cif,2079.0,49.0,2.0,6085.873395969465,B3A0S5,fungal,Fusarium oxysporum f. sp. lycopersici (strain 4287 / CBS 123668 / FGSC 9935 / NRRL 34936) (Fusarium vascular wilt of tomato),,unknown,3U7B_A_Repair,-40.72,-0.124525993883792
3VZJ,/home/ubuntu/xylanase-thesis/data/raw/pdb/3VZJ.cif,A,185,cif,631.0,8.0,0.0,7258.503352503338,P09850,bacterial,Niallia circulans (Bacillus circulans),GH11;,GH11,3VZJ_A_Repair,114.01,0.6162702702702703
3VZK,/home/ubuntu/xylanase-thesis/data/raw/pdb/3VZK.cif,A,185,cif,1108.0,13.0,0.0,3180.2261253535307,P09850,bacterial,Niallia circulans (Bacillus circulans),GH11;,GH11,3VZK_A_Repair,-10.8,-0.0583783783783783
3VZL,/home/ubuntu/xylanase-thesis/data/raw/pdb/3VZL.cif,A,185,cif,790.0,12.0,0.0,5506.482846052605,P09850,bacterial,Niallia circulans (Bacillus circulans),GH11;,GH11,3VZL_A_Repair,0.6,0.0032432432432432
3VZM,/home/ubuntu/xylanase-thesis/data/raw/pdb/3VZM.cif,A,185,cif,965.0,10.0,0.0,4373.679902597052,P09850,bacterial,Niallia circulans (Bacillus circulans),GH11;,GH11,3VZM_A_Repair,-5.44,-0.0294054054054054
3VZN,/home/ubuntu/xylanase-thesis/data/raw/pdb/3VZN.cif,A,185,cif,858.0,15.0,0.0,5079.57063911745,P09850,bacterial,Niallia circulans (Bacillus circulans),GH11;,GH11,3VZN_A_Repair,-9.02,-0.0487567567567567
3VZO,/home/ubuntu/xylanase-thesis/data/raw/pdb/3VZO.cif,A,185,cif,1179.0,14.0,0.0,2933.304256409072,P09850,bacterial,Niallia circulans (Bacillus circulans),GH11;,GH11,3VZO_A_Repair,-11.45,-0.0618918918918918
3W24,/home/ubuntu/xylanase-thesis/data/raw/pdb/3W24.cif,A,324,cif,2468.0,66.0,0.0,3749.035200593684,I3VVC1,bacterial,Thermoanaerobacterium saccharolyticum (strain DSM 8691 / JW/SL-YS485),,unknown,3W24_A_Repair,-87.71,-0.2707098765432099
3W25,/home/ubuntu/xylanase-thesis/data/raw/pdb/3W25.cif,A,324,cif,2702.0,64.0,0.0,3217.677717394619,I3VVC1,bacterial,Thermoanaerobacterium saccharolyticum (strain DSM 8691 / JW/SL-YS485),,unknown,3W25_A_Repair,-89.08,-0.2749382716049383
3W26,/home/ubuntu/xylanase-thesis/data/raw/pdb/3W26.cif,A,324,cif,2879.0,67.0,0.0,2529.5950988310938,I3VVC1,bacterial,Thermoanaerobacterium saccharolyticum (strain DSM 8691 / JW/SL-YS485),,unknown,3W26_A_Repair,-78.01,-0.2407716049382716
3W27,/home/ubuntu/xylanase-thesis/data/raw/pdb/3W27.cif,A,324,cif,2657.0,60.0,0.0,3289.143772919092,I3VVC1,bacterial,Thermoanaerobacterium saccharolyticum (strain DSM 8691 / JW/SL-YS485),,unknown,3W27_A_Repair,-83.75,-0.2584876543209876
3W28,/home/ubuntu/xylanase-thesis/data/raw/pdb/3W28.cif,A,324,cif,2708.0,65.0,0.0,3143.7896195979315,I3VVC1,bacterial,Thermoanaerobacterium saccharolyticum (strain DSM 8691 / JW/SL-YS485),,unknown,3W28_A_Repair,-84.79,-0.2616975308641975
3W29,/home/ubuntu/xylanase-thesis/data/raw/pdb/3W29.cif,A,324,cif,2758.0,57.0,0.0,3032.239380220515,I3VVC1,bacterial,Thermoanaerobacterium saccharolyticum (strain DSM 8691 / JW/SL-YS485),,unknown,3W29_A_Repair,-86.0,-0.2654320987654321
3WP3,/home/ubuntu/xylanase-thesis/data/raw/pdb/3WP3.cif,A,190,cif,903.0,9.0,0.0,5208.71877363773,Q9HFH0,fungal,Talaromyces funiculosus (Fruitlet core rot fungus) (Penicillium funiculosum),GH11;,GH11,3WP3_A_Repair,2.93,0.0154210526315789
3WP4,/home/ubuntu/xylanase-thesis/data/raw/pdb/3WP4.cif,A,228,cif,1405.0,31.0,2.0,3471.953526953567,Q9UV68,fungal,Neocallimastix patriciarum (Rumen fungus),CBM1;GH11;,GH11,3WP4_A_Repair,-20.25,-0.0888157894736842
3WP5,/home/ubuntu/xylanase-thesis/data/raw/pdb/3WP5.cif,A,227,cif,1438.0,31.0,2.0,3520.1615803821664,Q9UV68,fungal,Neocallimastix patriciarum (Rumen fungus),CBM1;GH11;,GH11,3WP5_A_Repair,-22.9,-0.1008810572687224
3WP6,/home/ubuntu/xylanase-thesis/data/raw/pdb/3WP6.cif,A,228,cif,1272.0,33.0,2.0,4398.77298436011,Q9UV68,fungal,Neocallimastix patriciarum (Rumen fungus),CBM1;GH11;,GH11,3WP6_A_Repair,-8.65,-0.037938596491228
3WUB,/home/ubuntu/xylanase-thesis/data/raw/pdb/3WUB.cif,A,313,cif,1939.0,65.0,1.0,5483.214526966451,B4XVN1,bacterial,Streptomyces sp,CBM2;GH10;,GH10,3WUB_A_Repair,-35.35,-0.1129392971246006
3WUE,/home/ubuntu/xylanase-thesis/data/raw/pdb/3WUE.cif,A,312,cif,1657.0,69.0,1.0,7183.864363796959,B4XVN1,bacterial,Streptomyces sp,CBM2;GH10;,GH10,3WUE_A_Repair,-45.39,-0.1454807692307692
3WUF,/home/ubuntu/xylanase-thesis/data/raw/pdb/3WUF.cif,A,313,cif,2127.0,67.0,1.0,4698.328958392737,B4XVN1,bacterial,Streptomyces sp,CBM2;GH10;,GH10,3WUF_A_Repair,-45.3,-0.1447284345047923
3WUG,/home/ubuntu/xylanase-thesis/data/raw/pdb/3WUG.cif,A,312,cif,1929.0,68.0,1.0,5428.684345048143,B4XVN1,bacterial,Streptomyces sp,CBM2;GH10;,GH10,3WUG_A_Repair,-57.35,-0.1838141025641025
3ZI7,/home/ubuntu/xylanase-thesis/data/raw/pdb/3ZI7.cif,A,274,cif,1846.0,48.0,0.0,4335.266329752693,P51584,bacterial,Acetivibrio thermocellus (Hungateiclostridium thermocellum) (Clostridium thermocellum),CBM22;GH10;,GH10,3ZI7_A_Repair,-48.15,-0.1757299270072992
3ZSE,/home/ubuntu/xylanase-thesis/data/raw/pdb/3ZSE.cif,A,188,cif,917.0,17.0,0.0,4190.666372296697,Q5RZ98,bacterial,Thermobifida fusca (Thermomonospora fusca),CBM2;GH11;,GH11,3ZSE_A_Repair,-12.03,-0.0639893617021276
4BAG,/home/ubuntu/xylanase-thesis/data/raw/pdb/4BAG.cif,A,274,cif,1451.0,47.0,0.0,7847.983705280258,P51584,bacterial,Acetivibrio thermocellus (Hungateiclostridium thermocellum) (Clostridium thermocellum),CBM22;GH10;,GH10,4BAG_A_Repair,-53.36,-0.1947445255474452
4BS0,/home/ubuntu/xylanase-thesis/data/raw/pdb/4BS0.cif,A,300,cif,2209.0,36.0,0.0,3415.2413078754034,P23360,fungal,Thermoascus aurantiacus,GH10;,GH10,4BS0_A_Repair,-82.2,-0.274
4E4P,/home/ubuntu/xylanase-thesis/data/raw/pdb/4E4P.cif,A,293,cif,1457.0,50.0,0.0,10717.587508514283,C6CRV0,bacterial,Paenibacillus sp. (strain JDR-2),CBM22;CBM9;GH10;,GH10,4E4P_A_Repair,-20.32,-0.0693515358361774
4F8X,/home/ubuntu/xylanase-thesis/data/raw/pdb/4F8X.cif,A,335,cif,2181.0,50.0,3.0,5965.207310286468,C3VEV9,fungal,Penicillium canescens,GH10;,GH10,4F8X_A_Repair,-67.05,-0.2001492537313432
4H35,/home/ubuntu/xylanase-thesis/data/raw/pdb/4H35.cif,A,274,cif,1425.0,47.0,0.0,8110.551648117383,P51584,bacterial,Acetivibrio thermocellus (Hungateiclostridium thermocellum) (Clostridium thermocellum),CBM22;GH10;,GH10,4H35_A_Repair,-54.42,-0.1986131386861314
4HK8,/home/ubuntu/xylanase-thesis/data/raw/pdb/4HK8.cif,A,189,cif,1056.0,19.0,0.0,3594.14944259516,P36217,fungal,Hypocrea jecorina (strain ATCC 56765 / BCRC 32924 / NRRL 11460 / Rut C-30) (Trichoderma reesei),GH11;,GH11,4HK8_A_Repair,-20.54,-0.1086772486772486
4HK9,/home/ubuntu/xylanase-thesis/data/raw/pdb/4HK9.cif,A,188,cif,1111.0,22.0,0.0,3123.348658501792,P36217,fungal,Hypocrea jecorina (strain ATCC 56765 / BCRC 32924 / NRRL 11460 / Rut C-30) (Trichoderma reesei),GH11;,GH11,4HK9_A_Repair,-19.88,-0.1057446808510638
4HKL,/home/ubuntu/xylanase-thesis/data/raw/pdb/4HKL.cif,A,189,cif,1186.0,22.0,0.0,3108.2720171271376,P36217,fungal,Hypocrea jecorina (strain ATCC 56765 / BCRC 32924 / NRRL 11460 / Rut C-30) (Trichoderma reesei),GH11;,GH11,4HKL_A_Repair,-11.06,-0.0585185185185185
4HKO,/home/ubuntu/xylanase-thesis/data/raw/pdb/4HKO.cif,A,189,cif,1049.0,20.0,0.0,3478.519518431421,P36217,fungal,Hypocrea jecorina (strain ATCC 56765 / BCRC 32924 / NRRL 11460 / Rut C-30) (Trichoderma reesei),GH11;,GH11,4HKO_A_Repair,-3.58,-0.0189417989417989
4HKW,/home/ubuntu/xylanase-thesis/data/raw/pdb/4HKW.cif,A,189,cif,1110.0,18.0,0.0,2965.0258599101617,P36217,fungal,Hypocrea jecorina (strain ATCC 56765 / BCRC 32924 / NRRL 11460 / Rut C-30) (Trichoderma reesei),GH11;,GH11,4HKW_A_Repair,-1.43,-0.0075661375661375
4HU8,/home/ubuntu/xylanase-thesis/data/raw/pdb/4HU8.cif,B,452,cif,2202.0,80.0,0.0,14903.516057496478,K7PDC1,bacterial,uncultured bacterium 35A20,,unknown,4HU8_B_Repair,10.92,0.0241592920353982
4L4O,/home/ubuntu/xylanase-thesis/data/raw/pdb/4L4O.cif,A,330,cif,1593.0,111.0,0.0,13026.546657761804,B9MMA5,bacterial,Caldicellulosiruptor bescii (strain ATCC BAA-1888 / DSM 6725 / KCTC 15123 / Z-1320) (Anaerocellum thermophilum),GH10;,GH10,4L4O_A_Repair,-69.61,-0.2109393939393939
4L4P,/home/ubuntu/xylanase-thesis/data/raw/pdb/4L4P.cif,A,328,cif,1610.0,112.0,0.0,11980.099813168126,B9MMA5,bacterial,Caldicellulosiruptor bescii (strain ATCC BAA-1888 / DSM 6725 / KCTC 15123 / Z-1320) (Anaerocellum thermophilum),GH10;,GH10,4L4P_A_Repair,-72.67,-0.2215548780487805
4MGQ,/home/ubuntu/xylanase-thesis/data/raw/pdb/4MGQ.cif,A,159,cif,1335.0,31.0,0.0,2883.309830565788,D8DVU6,bacterial,Segatella baroniae B14,,unknown,4MGQ_A_Repair,5.0,0.0314465408805031
4PMD,/home/ubuntu/xylanase-thesis/data/raw/pdb/4PMD.cif,A,329,cif,1686.0,119.0,0.0,11858.332850587454,B9MMA5,bacterial,Caldicellulosiruptor bescii (strain ATCC BAA-1888 / DSM 6725 / KCTC 15123 / Z-1320) (Anaerocellum thermophilum),GH10;,GH10,4PMD_A_Repair,-86.3,-0.2623100303951368
4PRW,/home/ubuntu/xylanase-thesis/data/raw/pdb/4PRW.cif,A,371,cif,2453.0,112.0,0.0,6581.839380226847,P40943,bacterial,Geobacillus stearothermophilus (Bacillus stearothermophilus),GH10;,GH10,4PRW_A_Repair,-94.76,-0.2554177897574124
4PUD,/home/ubuntu/xylanase-thesis/data/raw/pdb/4PUD.cif,A,371,cif,2229.0,115.0,0.0,8795.64903737687,P40943,bacterial,Geobacillus stearothermophilus (Bacillus stearothermophilus),GH10;,GH10,4PUD_A_Repair,-79.7,-0.2148247978436658
4PUE,/home/ubuntu/xylanase-thesis/data/raw/pdb/4PUE.cif,A,371,cif,2029.0,107.0,0.0,10619.682977889675,P40943,bacterial,Geobacillus stearothermophilus (Bacillus stearothermophilus),GH10;,GH10,4PUE_A_Repair,-64.81,-0.1746900269541779
4QAW,/home/ubuntu/xylanase-thesis/data/raw/pdb/4QAW.cif,A,537,cif,1875.0,73.0,0.0,22283.528372425404,H6WCZ0,bacterial,Paenibacillus barcinonensis,,unknown,4QAW_A_Repair,61.82,0.11512104283054
4QB1,/home/ubuntu/xylanase-thesis/data/raw/pdb/4QB1.cif,A,128,cif,526.0,7.0,0.0,4510.1002460573445,H6WCZ0,bacterial,Paenibacillus barcinonensis,,unknown,4QB1_A_Repair,-4.99,-0.038984375
4QB2,/home/ubuntu/xylanase-thesis/data/raw/pdb/4QB2.cif,A,129,cif,664.0,7.0,0.0,3138.1177128229165,H6WCZ0,bacterial,Paenibacillus barcinonensis,,unknown,4QB2_A_Repair,-1.71,-0.0132558139534883
4QB6,/home/ubuntu/xylanase-thesis/data/raw/pdb/4QB6.cif,A,129,cif,602.0,5.0,0.0,3661.6750989852,H6WCZ0,bacterial,Paenibacillus barcinonensis,,unknown,4QB6_A_Repair,-5.28,-0.0409302325581395
4QCE,/home/ubuntu/xylanase-thesis/data/raw/pdb/4QCE.cif,A,354,cif,1950.0,97.0,0.0,9770.087160297457,O30700,bacterial,Bacillus sp. NG-27,GH10;,GH10,4QCE_A_Repair,-53.76,-0.151864406779661
4QCF,/home/ubuntu/xylanase-thesis/data/raw/pdb/4QCF.cif,A,354,cif,1911.0,93.0,0.0,10361.849314650532,O30700,bacterial,Bacillus sp. NG-27,GH10;,GH10,4QCF_A_Repair,-36.56,-0.1032768361581921
4QDM,/home/ubuntu/xylanase-thesis/data/raw/pdb/4QDM.cif,A,354,cif,1947.0,98.0,0.0,9989.207329124789,O30700,bacterial,Bacillus sp. NG-27,GH10;,GH10,4QDM_A_Repair,-53.97,-0.152457627118644
4S2D,/home/ubuntu/xylanase-thesis/data/raw/pdb/4S2D.cif,A,189,cif,916.0,19.0,0.0,3745.89274086052,P36217,fungal,Hypocrea jecorina (strain ATCC 56765 / BCRC 32924 / NRRL 11460 / Rut C-30) (Trichoderma reesei),GH11;,GH11,4S2D_A_Repair,2.7,0.0142857142857142
4S2F,/home/ubuntu/xylanase-thesis/data/raw/pdb/4S2F.cif,A,189,cif,885.0,19.0,0.0,3907.377816351768,P36217,fungal,Hypocrea jecorina (strain ATCC 56765 / BCRC 32924 / NRRL 11460 / Rut C-30) (Trichoderma reesei),GH11;,GH11,4S2F_A_Repair,20.7,0.1095238095238095
4S2G,/home/ubuntu/xylanase-thesis/data/raw/pdb/4S2G.cif,A,189,cif,907.0,19.0,0.0,3897.363399149031,P36217,fungal,Hypocrea jecorina (strain ATCC 56765 / BCRC 32924 / NRRL 11460 / Rut C-30) (Trichoderma reesei),GH11;,GH11,4S2G_A_Repair,-3.88,-0.0205291005291005
4S2H,/home/ubuntu/xylanase-thesis/data/raw/pdb/4S2H.cif,A,189,cif,939.0,19.0,0.0,3495.765806524496,P36217,fungal,Hypocrea jecorina (strain ATCC 56765 / BCRC 32924 / NRRL 11460 / Rut C-30) (Trichoderma reesei),GH11;,GH11,4S2H_A_Repair,0.62,0.0032804232804232
4W8L,/home/ubuntu/xylanase-thesis/data/raw/pdb/4W8L.cif,A,352,cif,1860.0,97.0,0.0,11175.30716575382,O69230,bacterial,Paenibacillus barcinonensis,CBM22;CBM9;GH10;,GH10,4W8L_A_Repair,-53.74,-0.1526704545454545
4XPV,/home/ubuntu/xylanase-thesis/data/raw/pdb/4XPV.cif,A,189,cif,966.0,19.0,0.0,3352.228599597725,P36217,fungal,Hypocrea jecorina (strain ATCC 56765 / BCRC 32924 / NRRL 11460 / Rut C-30) (Trichoderma reesei),GH11;,GH11,4XPV_A_Repair,-5.2,-0.0275132275132275
4XQ4,/home/ubuntu/xylanase-thesis/data/raw/pdb/4XQ4.cif,A,188,cif,1228.0,19.0,0.0,2627.504178481874,P36217,fungal,Hypocrea jecorina (strain ATCC 56765 / BCRC 32924 / NRRL 11460 / Rut C-30) (Trichoderma reesei),GH11;,GH11,4XQ4_A_Repair,-11.38,-0.060531914893617
4XQD,/home/ubuntu/xylanase-thesis/data/raw/pdb/4XQD.cif,B,189,cif,1098.0,19.0,0.0,3127.371606124787,P36217,fungal,Hypocrea jecorina (strain ATCC 56765 / BCRC 32924 / NRRL 11460 / Rut C-30) (Trichoderma reesei),GH11;,GH11,4XQD_B_Repair,-13.88,-0.0734391534391534
4XQW,/home/ubuntu/xylanase-thesis/data/raw/pdb/4XQW.cif,A,189,cif,1081.0,19.0,0.0,3235.387541200545,P36217,fungal,Hypocrea jecorina (strain ATCC 56765 / BCRC 32924 / NRRL 11460 / Rut C-30) (Trichoderma reesei),GH11;,GH11,4XQW_A_Repair,-6.61,-0.0349735449735449
4XUN,/home/ubuntu/xylanase-thesis/data/raw/pdb/4XUN.cif,A,161,cif,663.0,34.0,0.0,6079.963331338568,O69230,bacterial,Paenibacillus barcinonensis,CBM22;CBM9;GH10;,GH10,4XUN_A_Repair,-4.28,-0.026583850931677
4XUO,/home/ubuntu/xylanase-thesis/data/raw/pdb/4XUO.cif,A,156,cif,516.0,22.0,0.0,7074.368864245069,O69230,bacterial,Paenibacillus barcinonensis,CBM22;CBM9;GH10;,GH10,4XUO_A_Repair,0.6,0.0038461538461538
4XUP,/home/ubuntu/xylanase-thesis/data/raw/pdb/4XUP.cif,A,330,cif,1020.0,54.0,0.0,16661.406265395693,O69230,bacterial,Paenibacillus barcinonensis,CBM22;CBM9;GH10;,GH10,4XUP_A_Repair,5.94,0.018
4XUQ,/home/ubuntu/xylanase-thesis/data/raw/pdb/4XUQ.cif,A,161,cif,590.0,30.0,0.0,7098.389846099162,O69230,bacterial,Paenibacillus barcinonensis,CBM22;CBM9;GH10;,GH10,4XUQ_A_Repair,-3.7,-0.0229813664596273
4XUR,/home/ubuntu/xylanase-thesis/data/raw/pdb/4XUR.cif,A,161,cif,565.0,32.0,0.0,7126.880660848046,O69230,bacterial,Paenibacillus barcinonensis,CBM22;CBM9;GH10;,GH10,4XUR_A_Repair,7.46,0.046335403726708
4XUT,/home/ubuntu/xylanase-thesis/data/raw/pdb/4XUT.cif,A,161,cif,596.0,33.0,0.0,6748.484358288797,O69230,bacterial,Paenibacillus barcinonensis,CBM22;CBM9;GH10;,GH10,4XUT_A_Repair,-10.99,-0.0682608695652173
4XUY,/home/ubuntu/xylanase-thesis/data/raw/pdb/4XUY.cif,A,301,cif,1940.0,46.0,1.0,4629.177841963726,A2QFV7,fungal,Aspergillus niger (strain ATCC MYA-4892 / CBS 513.88 / FGSC A1513),GH10;,GH10,4XUY_A_Repair,-49.43,-0.16421926910299
4XV0,/home/ubuntu/xylanase-thesis/data/raw/pdb/4XV0.cif,A,301,cif,2284.0,50.0,0.0,3540.866359862988,G0RA32,fungal,Hypocrea jecorina (strain QM6a) (Trichoderma reesei),,unknown,4XV0_A_Repair,-36.68,-0.121860465116279
4XX6,/home/ubuntu/xylanase-thesis/data/raw/pdb/4XX6.cif,B,321,cif,1822.0,36.0,1.0,6942.459131552198,S7Q6I2,fungal,Gloeophyllum trabeum (strain ATCC 11539 / FP-39264 / Madison 617) (Brown rot fungus),,unknown,4XX6_B_Repair,-44.71,-0.1392834890965732
5AY7,/home/ubuntu/xylanase-thesis/data/raw/pdb/5AY7.cif,B,326,cif,1535.0,86.0,0.0,11656.093464397503,A0A140UHL2,eukaryote_non_fungal,Aegilops speltoides subsp. speltoides,,unknown,5AY7_B_Repair,-20.7,-0.0634969325153374
5DPN,/home/ubuntu/xylanase-thesis/data/raw/pdb/5DPN.cif,A,166,cif,646.0,9.0,0.0,5965.190270287909,Q7WTN6,bacterial,Rhodothermus marinus (Rhodothermus obamensis),CBM4;GH10;,GH10,5DPN_A_Repair,-13.68,-0.0824096385542168
5EB8,/home/ubuntu/xylanase-thesis/data/raw/pdb/5EB8.cif,A,354,cif,1991.0,97.0,0.0,9416.879707811726,O30700,bacterial,Bacillus sp. NG-27,GH10;,GH10,5EB8_A_Repair,-51.84,-0.1464406779661017
5EBA,/home/ubuntu/xylanase-thesis/data/raw/pdb/5EBA.cif,A,354,cif,1790.0,94.0,0.0,11214.439937121182,O30700,bacterial,Bacillus sp. NG-27,GH10;,GH10,5EBA_A_Repair,-27.97,-0.0790112994350282
5EFD,/home/ubuntu/xylanase-thesis/data/raw/pdb/5EFD.cif,A,354,cif,2000.0,92.0,0.0,9607.880624336502,O30700,bacterial,Bacillus sp. NG-27,GH10;,GH10,5EFD_A_Repair,-67.08,-0.1894915254237288
5EFF,/home/ubuntu/xylanase-thesis/data/raw/pdb/5EFF.cif,A,354,cif,1576.0,93.0,0.0,13919.558456446162,O30700,bacterial,Bacillus sp. NG-27,GH10;,GH10,5EFF_A_Repair,-46.7,-0.1319209039548022
5EJ3,/home/ubuntu/xylanase-thesis/data/raw/pdb/5EJ3.cif,A,191,cif,1076.0,19.0,0.0,3599.090652618061,P26515,bacterial,Streptomyces lividans,CBM2;GH11;,GH11,5EJ3_A_Repair,-15.8,-0.0827225130890052
5FXM,/home/ubuntu/xylanase-thesis/data/raw/pdb/5FXM.cif,A,274,cif,1196.0,49.0,0.0,10323.15316183017,P51584,bacterial,Acetivibrio thermocellus (Hungateiclostridium thermocellum) (Clostridium thermocellum),CBM22;GH10;,GH10,5FXM_A_Repair,-56.94,-0.2078102189781021
5GQD,/home/ubuntu/xylanase-thesis/data/raw/pdb/5GQD.cif,A,427,cif,2672.0,68.0,5.0,6172.861382211317,Q7SI98,bacterial,Streptomyces olivaceoviridis (Streptomyces corchorusii),CBM13;GH10;,GH10,5GQD_A_Repair,-13.99,-0.0327634660421545
5GQE,/home/ubuntu/xylanase-thesis/data/raw/pdb/5GQE.cif,A,429,cif,2284.0,75.0,5.0,8882.486264870458,Q7SI98,bacterial,Streptomyces olivaceoviridis (Streptomyces corchorusii),CBM13;GH10;,GH10,5GQE_A_Repair,29.67,0.0691608391608391
5HXV,/home/ubuntu/xylanase-thesis/data/raw/pdb/5HXV.cif,A,189,cif,849.0,10.0,1.0,5174.838116868644,W8VR85,fungal,Talaromyces pinophilus CF-2612,,unknown,5HXV_A_Repair,11.34,0.06
5JRM,/home/ubuntu/xylanase-thesis/data/raw/pdb/5JRM.cif,A,189,cif,980.0,17.0,0.0,4767.577665255938,X0M5X0,fungal,Fusarium oxysporum f. sp. vasinfectum 25433,,unknown,5JRM_A_Repair,-9.15,-0.0484126984126984
5JRN,/home/ubuntu/xylanase-thesis/data/raw/pdb/5JRN.cif,A,189,cif,637.0,18.0,0.0,7140.2267873254,X0M5X0,fungal,Fusarium oxysporum f. sp. vasinfectum 25433,,unknown,5JRN_A_Repair,16.36,0.0865608465608465
5K7P,/home/ubuntu/xylanase-thesis/data/raw/pdb/5K7P.cif,A,190,cif,646.0,17.0,0.0,7337.082149724728,P36217,fungal,Hypocrea jecorina (strain ATCC 56765 / BCRC 32924 / NRRL 11460 / Rut C-30) (Trichoderma reesei),GH11;,GH11,5K7P_A_Repair,12.87,0.0677368421052631
5K9Y,/home/ubuntu/xylanase-thesis/data/raw/pdb/5K9Y.cif,A,184,cif,833.0,12.0,0.0,5499.909792274468,P18429,bacterial,Bacillus subtilis (strain 168),GH11;,GH11,5K9Y_A_Repair,5.49,0.0298369565217391
5M0K,/home/ubuntu/xylanase-thesis/data/raw/pdb/5M0K.cif,A,299,cif,1301.0,62.0,2.0,11366.772108079893,D5UH90,bacterial,Cellulomonas flavigena (strain ATCC 482 / DSM 20109 / BCRC 11376 / JCM 18109 / NBRC 3775 / NCIMB 8073 / NRS 134),CBM13;GH10;,GH10,5M0K_A_Repair,5.71,0.0190969899665551
5MRJ,/home/ubuntu/xylanase-thesis/data/raw/pdb/5MRJ.cif,A,307,cif,1331.0,62.0,1.0,11387.779360101404,A0A086SY89,fungal,Hapsidospora chrysogenum (strain ATCC 11550 / CBS 779.69 / DSM 880 / IAM 14645 / JCM 23072 / IMI 49137) (Acremonium chrysogenum),,unknown,5MRJ_A_Repair,-3.77,-0.0122801302931596
5RG4,/home/ubuntu/xylanase-thesis/data/raw/pdb/5RG4.cif,A,300,cif,1671.0,42.0,0.0,6935.69622504682,P23360,fungal,Thermoascus aurantiacus,GH10;,GH10,5RG4_A_Repair,-49.85,-0.1661666666666666
5RG5,/home/ubuntu/xylanase-thesis/data/raw/pdb/5RG5.cif,A,301,cif,1718.0,48.0,0.0,6745.576148270261,P23360,fungal,Thermoascus aurantiacus,GH10;,GH10,5RG5_A_Repair,-60.46,-0.2008637873754153
5RG6,/home/ubuntu/xylanase-thesis/data/raw/pdb/5RG6.cif,A,300,cif,1790.0,45.0,0.0,6117.325589050954,P23360,fungal,Thermoascus aurantiacus,GH10;,GH10,5RG6_A_Repair,-59.86,-0.1995333333333333
5RG7,/home/ubuntu/xylanase-thesis/data/raw/pdb/5RG7.cif,A,300,cif,1767.0,39.0,0.0,6282.84311234138,P23360,fungal,Thermoascus aurantiacus,GH10;,GH10,5RG7_A_Repair,-61.6,-0.2053333333333333
5RG8,/home/ubuntu/xylanase-thesis/data/raw/pdb/5RG8.cif,A,299,cif,1757.0,35.0,0.0,5966.269495329009,P23360,fungal,Thermoascus aurantiacus,GH10;,GH10,5RG8_A_Repair,-49.34,-0.1650167224080267
5RG9,/home/ubuntu/xylanase-thesis/data/raw/pdb/5RG9.cif,A,300,cif,1719.0,38.0,0.0,6647.214867772923,P23360,fungal,Thermoascus aurantiacus,GH10;,GH10,5RG9_A_Repair,-59.94,-0.1998
5RGA,/home/ubuntu/xylanase-thesis/data/raw/pdb/5RGA.cif,A,301,cif,1746.0,43.0,0.0,6301.047473096473,P23360,fungal,Thermoascus aurantiacus,GH10;,GH10,5RGA_A_Repair,-50.76,-0.1686378737541528
5RGB,/home/ubuntu/xylanase-thesis/data/raw/pdb/5RGB.cif,A,299,cif,1760.0,48.0,0.0,6257.758274117448,P23360,fungal,Thermoascus aurantiacus,GH10;,GH10,5RGB_A_Repair,-57.98,-0.1939130434782608
5RGC,/home/ubuntu/xylanase-thesis/data/raw/pdb/5RGC.cif,A,300,cif,1811.0,44.0,0.0,5802.545783744671,P23360,fungal,Thermoascus aurantiacus,GH10;,GH10,5RGC_A_Repair,-59.56,-0.1985333333333333
5RGD,/home/ubuntu/xylanase-thesis/data/raw/pdb/5RGD.cif,A,300,cif,1754.0,41.0,0.0,6222.213440321531,P23360,fungal,Thermoascus aurantiacus,GH10;,GH10,5RGD_A_Repair,-63.99,-0.2133
5RGE,/home/ubuntu/xylanase-thesis/data/raw/pdb/5RGE.cif,A,300,cif,1692.0,37.0,0.0,6589.359410561743,P23360,fungal,Thermoascus aurantiacus,GH10;,GH10,5RGE_A_Repair,-63.49,-0.2116333333333333
5RGF,/home/ubuntu/xylanase-thesis/data/raw/pdb/5RGF.cif,A,301,cif,1753.0,35.0,0.0,6358.8251067744295,P23360,fungal,Thermoascus aurantiacus,GH10;,GH10,5RGF_A_Repair,-60.44,-0.200797342192691
5TVV,/home/ubuntu/xylanase-thesis/data/raw/pdb/5TVV.cif,A,185,cif,844.0,8.0,0.0,5525.4739998382265,P18429,bacterial,Bacillus subtilis (strain 168),GH11;,GH11,5TVV_A_Repair,-5.49,-0.0296756756756756
5TVY,/home/ubuntu/xylanase-thesis/data/raw/pdb/5TVY.cif,A,188,cif,1244.0,10.0,0.0,2497.4501468703734,P18429,bacterial,Bacillus subtilis (strain 168),GH11;,GH11,5TVY_A_Repair,-2.32,-0.0123404255319148
5TZO,/home/ubuntu/xylanase-thesis/data/raw/pdb/5TZO.cif,A,185,cif,1050.0,8.0,0.0,3723.398271443176,P18429,bacterial,Bacillus subtilis (strain 168),GH11;,GH11,5TZO_A_Repair,-9.1,-0.0491891891891891
5XC0,/home/ubuntu/xylanase-thesis/data/raw/pdb/5XC0.cif,B,354,cif,1636.0,93.0,0.0,12698.65349286106,O30700,bacterial,Bacillus sp. NG-27,GH10;,GH10,5XC0_B_Repair,-40.63,-0.114774011299435
5XC1,/home/ubuntu/xylanase-thesis/data/raw/pdb/5XC1.cif,A,354,cif,1971.0,99.0,0.0,9981.83509187469,O30700,bacterial,Bacillus sp. NG-27,GH10;,GH10,5XC1_A_Repair,-66.39,-0.1875423728813559
5XZO,/home/ubuntu/xylanase-thesis/data/raw/pdb/5XZO.cif,A,335,cif,2230.0,43.0,2.0,5397.814766607439,D0QF43,fungal,Bispora sp. MEY-1,GH10;,GH10,5XZO_A_Repair,-17.05,-0.0508955223880597
5XZU,/home/ubuntu/xylanase-thesis/data/raw/pdb/5XZU.cif,A,334,cif,2019.0,45.0,1.0,6576.77777180709,D0QF43,fungal,Bispora sp. MEY-1,GH10;,GH10,5XZU_A_Repair,-20.01,-0.0599101796407185
5Y3X,/home/ubuntu/xylanase-thesis/data/raw/pdb/5Y3X.cif,A,329,cif,1844.0,130.0,0.0,10200.154330504543,E4Q2A4,bacterial,Caldicellulosiruptor owensensis (strain ATCC 700167 / DSM 13100 / OL),GH10;,GH10,5Y3X_A_Repair,-56.07,-0.1704255319148936
5ZF3,/home/ubuntu/xylanase-thesis/data/raw/pdb/5ZF3.cif,A,189,cif,1194.0,18.0,0.0,2797.1407192986503,P36217,fungal,Hypocrea jecorina (strain ATCC 56765 / BCRC 32924 / NRRL 11460 / Rut C-30) (Trichoderma reesei),GH11;,GH11,5ZF3_A_Repair,-11.2,-0.0592592592592592
5ZH0,/home/ubuntu/xylanase-thesis/data/raw/pdb/5ZH0.cif,A,189,cif,1203.0,19.0,0.0,2868.115743891368,P36217,fungal,Hypocrea jecorina (strain ATCC 56765 / BCRC 32924 / NRRL 11460 / Rut C-30) (Trichoderma reesei),GH11;,GH11,5ZH0_A_Repair,-12.97,-0.0686243386243386
5ZH9,/home/ubuntu/xylanase-thesis/data/raw/pdb/5ZH9.cif,A,189,cif,1179.0,19.0,0.0,2780.102304108277,P36217,fungal,Hypocrea jecorina (strain ATCC 56765 / BCRC 32924 / NRRL 11460 / Rut C-30) (Trichoderma reesei),GH11;,GH11,5ZH9_A_Repair,-6.53,-0.0345502645502645
5ZII,/home/ubuntu/xylanase-thesis/data/raw/pdb/5ZII.cif,A,189,cif,1025.0,19.0,0.0,3491.2358686790617,P36217,fungal,Hypocrea jecorina (strain ATCC 56765 / BCRC 32924 / NRRL 11460 / Rut C-30) (Trichoderma reesei),GH11;,GH11,5ZII_A_Repair,-2.81,-0.0148677248677248
5ZIW,/home/ubuntu/xylanase-thesis/data/raw/pdb/5ZIW.cif,A,189,cif,1190.0,20.0,0.0,2837.507885251457,P36217,fungal,Hypocrea jecorina (strain ATCC 56765 / BCRC 32924 / NRRL 11460 / Rut C-30) (Trichoderma reesei),GH11;,GH11,5ZIW_A_Repair,-8.93,-0.0472486772486772
5ZKZ,/home/ubuntu/xylanase-thesis/data/raw/pdb/5ZKZ.cif,A,189,cif,1068.0,19.0,0.0,3338.1159119465296,P36217,fungal,Hypocrea jecorina (strain ATCC 56765 / BCRC 32924 / NRRL 11460 / Rut C-30) (Trichoderma reesei),GH11;,GH11,5ZKZ_A_Repair,3.05,0.0161375661375661
5ZO0,/home/ubuntu/xylanase-thesis/data/raw/pdb/5ZO0.cif,A,189,cif,927.0,18.0,0.0,3975.68443497638,P36217,fungal,Hypocrea jecorina (strain ATCC 56765 / BCRC 32924 / NRRL 11460 / Rut C-30) (Trichoderma reesei),GH11;,GH11,5ZO0_A_Repair,-8.17,-0.0432275132275132
6D5C,/home/ubuntu/xylanase-thesis/data/raw/pdb/6D5C.cif,A,337,cif,2351.0,59.0,0.0,4978.605292469549,A0A4V8GZQ8,bacterial,Anaerocellum danielii,,unknown,6D5C_A_Repair,-88.08,-0.2613649851632047
6FJ4,/home/ubuntu/xylanase-thesis/data/raw/pdb/6FJ4.cif,A,274,cif,1457.0,48.0,0.0,6952.947200396131,P51584,bacterial,Acetivibrio thermocellus (Hungateiclostridium thermocellum) (Clostridium thermocellum),CBM22;GH10;,GH10,6FJ4_A_Repair,-55.04,-0.2008759124087591
6JUG,/home/ubuntu/xylanase-thesis/data/raw/pdb/6JUG.cif,A,189,cif,1142.0,19.0,0.0,3162.101473087252,P36217,fungal,Hypocrea jecorina (strain ATCC 56765 / BCRC 32924 / NRRL 11460 / Rut C-30) (Trichoderma reesei),GH11;,GH11,6JUG_A_Repair,-6.19,-0.0327513227513227
6JWB,/home/ubuntu/xylanase-thesis/data/raw/pdb/6JWB.cif,A,189,cif,1236.0,20.0,0.0,2757.335420908754,P36217,fungal,Hypocrea jecorina (strain ATCC 56765 / BCRC 32924 / NRRL 11460 / Rut C-30) (Trichoderma reesei),GH11;,GH11,6JWB_A_Repair,-0.17,-0.0008994708994708
6JXL,/home/ubuntu/xylanase-thesis/data/raw/pdb/6JXL.cif,A,189,cif,1122.0,19.0,0.0,3448.455067355986,P36217,fungal,Hypocrea jecorina (strain ATCC 56765 / BCRC 32924 / NRRL 11460 / Rut C-30) (Trichoderma reesei),GH11;,GH11,6JXL_A_Repair,3.57,0.0188888888888888
6JZP,/home/ubuntu/xylanase-thesis/data/raw/pdb/6JZP.cif,A,189,cif,1201.0,19.0,0.0,2845.109684959943,P36217,fungal,Hypocrea jecorina (strain ATCC 56765 / BCRC 32924 / NRRL 11460 / Rut C-30) (Trichoderma reesei),GH11;,GH11,6JZP_A_Repair,-9.53,-0.0504232804232804
6K9O,/home/ubuntu/xylanase-thesis/data/raw/pdb/6K9O.cif,A,189,cif,1248.0,19.0,0.0,2636.155596862296,P36217,fungal,Hypocrea jecorina (strain ATCC 56765 / BCRC 32924 / NRRL 11460 / Rut C-30) (Trichoderma reesei),GH11;,GH11,6K9O_A_Repair,-9.34,-0.0494179894179894
6K9R,/home/ubuntu/xylanase-thesis/data/raw/pdb/6K9R.cif,A,189,cif,1072.0,20.0,0.0,3506.565144368548,P36217,fungal,Hypocrea jecorina (strain ATCC 56765 / BCRC 32924 / NRRL 11460 / Rut C-30) (Trichoderma reesei),GH11;,GH11,6K9R_A_Repair,-4.98,-0.0263492063492063
6K9W,/home/ubuntu/xylanase-thesis/data/raw/pdb/6K9W.cif,A,189,cif,1295.0,20.0,0.0,2568.775798335973,P36217,fungal,Hypocrea jecorina (strain ATCC 56765 / BCRC 32924 / NRRL 11460 / Rut C-30) (Trichoderma reesei),GH11;,GH11,6K9W_A_Repair,-1.73,-0.0091534391534391
6K9X,/home/ubuntu/xylanase-thesis/data/raw/pdb/6K9X.cif,A,189,cif,1073.0,18.0,0.0,3439.582757312905,P36217,fungal,Hypocrea jecorina (strain ATCC 56765 / BCRC 32924 / NRRL 11460 / Rut C-30) (Trichoderma reesei),GH11;,GH11,6K9X_A_Repair,-15.95,-0.0843915343915343
6KJL,/home/ubuntu/xylanase-thesis/data/raw/pdb/6KJL.cif,A,328,cif,1448.0,37.0,0.0,10126.891698672442,Q9RC94,bacterial,Bacillus sp. 41M-1,CBM36;GH11;,GH11,6KJL_A_Repair,10.58,0.0322560975609756
6KKA,/home/ubuntu/xylanase-thesis/data/raw/pdb/6KKA.cif,A,327,cif,1392.0,37.0,0.0,10567.298126762638,Q9RC94,bacterial,Bacillus sp. 41M-1,CBM36;GH11;,GH11,6KKA_A_Repair,0.47,0.0014373088685015
6KVV,/home/ubuntu/xylanase-thesis/data/raw/pdb/6KVV.cif,A,190,cif,1182.0,22.0,0.0,3001.567056099351,P36217,fungal,Hypocrea jecorina (strain ATCC 56765 / BCRC 32924 / NRRL 11460 / Rut C-30) (Trichoderma reesei),GH11;,GH11,6KVV_A_Repair,-22.33,-0.1175263157894736
6KW9,/home/ubuntu/xylanase-thesis/data/raw/pdb/6KW9.cif,A,190,cif,1198.0,20.0,0.0,2819.033825050247,P36217,fungal,Hypocrea jecorina (strain ATCC 56765 / BCRC 32924 / NRRL 11460 / Rut C-30) (Trichoderma reesei),GH11;,GH11,6KW9_A_Repair,-11.35,-0.0597368421052631
6KWC,/home/ubuntu/xylanase-thesis/data/raw/pdb/6KWC.cif,A,191,cif,1164.0,20.0,0.0,3128.5555090331086,P36217,fungal,Hypocrea jecorina (strain ATCC 56765 / BCRC 32924 / NRRL 11460 / Rut C-30) (Trichoderma reesei),GH11;,GH11,6KWC_A_Repair,-0.68,-0.0035602094240837
6KWD,/home/ubuntu/xylanase-thesis/data/raw/pdb/6KWD.cif,A,189,cif,1107.0,18.0,0.0,3587.8201261414542,P36217,fungal,Hypocrea jecorina (strain ATCC 56765 / BCRC 32924 / NRRL 11460 / Rut C-30) (Trichoderma reesei),GH11;,GH11,6KWD_A_Repair,-5.74,-0.0303703703703703
6KWE,/home/ubuntu/xylanase-thesis/data/raw/pdb/6KWE.cif,A,189,cif,1197.0,20.0,0.0,2798.70220394482,P36217,fungal,Hypocrea jecorina (strain ATCC 56765 / BCRC 32924 / NRRL 11460 / Rut C-30) (Trichoderma reesei),GH11;,GH11,6KWE_A_Repair,-3.85,-0.0203703703703703
6KWF,/home/ubuntu/xylanase-thesis/data/raw/pdb/6KWF.cif,A,190,cif,1188.0,22.0,0.0,2899.819968101902,P36217,fungal,Hypocrea jecorina (strain ATCC 56765 / BCRC 32924 / NRRL 11460 / Rut C-30) (Trichoderma reesei),GH11;,GH11,6KWF_A_Repair,-18.29,-0.0962631578947368
6KWG,/home/ubuntu/xylanase-thesis/data/raw/pdb/6KWG.cif,A,189,cif,1071.0,19.0,0.0,3716.186129754699,P36217,fungal,Hypocrea jecorina (strain ATCC 56765 / BCRC 32924 / NRRL 11460 / Rut C-30) (Trichoderma reesei),GH11;,GH11,6KWG_A_Repair,-9.22,-0.0487830687830687
6KWH,/home/ubuntu/xylanase-thesis/data/raw/pdb/6KWH.cif,A,189,cif,1077.0,20.0,0.0,3567.24165125168,P36217,fungal,Hypocrea jecorina (strain ATCC 56765 / BCRC 32924 / NRRL 11460 / Rut C-30) (Trichoderma reesei),GH11;,GH11,6KWH_A_Repair,-3.41,-0.018042328042328
6LPS,/home/ubuntu/xylanase-thesis/data/raw/pdb/6LPS.cif,A,351,cif,2013.0,94.0,0.0,10284.24453681545,Q17TM8,bacterial,Halalkalibacterium halodurans (Bacillus halodurans),GH10;,GH10,6LPS_A_Repair,-53.75,-0.1531339031339031
6Q8M,/home/ubuntu/xylanase-thesis/data/raw/pdb/6Q8M.cif,A,321,cif,2216.0,23.0,1.0,3995.9353045842367,A0A1L9WG58,fungal,Aspergillus aculeatus (strain ATCC 16872 / CBS 172.66 / WB 5094),,unknown,6Q8M_A_Repair,-70.32,-0.2190654205607476
6Q8N,/home/ubuntu/xylanase-thesis/data/raw/pdb/6Q8N.cif,A,321,cif,1928.0,22.0,2.0,5120.050739042969,A0A1L9WG58,fungal,Aspergillus aculeatus (strain ATCC 16872 / CBS 172.66 / WB 5094),,unknown,6Q8N_A_Repair,-48.03,-0.149626168224299
6QE8,/home/ubuntu/xylanase-thesis/data/raw/pdb/6QE8.cif,A,183,cif,997.0,7.0,1.0,3728.581132772991,P55329,fungal,Aspergillus niger,GH11;,GH11,6QE8_A_Repair,-5.16,-0.0281967213114754
6QFS,/home/ubuntu/xylanase-thesis/data/raw/pdb/6QFS.cif,B,106,cif,366.0,0.0,1.0,4378.484403074038,P07986,bacterial,Cellulomonas fimi,CBM2;GH10;,GH10,6QFS_B_Repair,14.3,0.1349056603773585
6SGF,/home/ubuntu/xylanase-thesis/data/raw/pdb/6SGF.cif,B,132,cif,643.0,15.0,0.0,3954.175809900101,C7G9B5,bacterial,Roseburia intestinalis L1-82,,unknown,6SGF_B_Repair,-0.77,-0.0058333333333333
6WQW,/home/ubuntu/xylanase-thesis/data/raw/pdb/6WQW.cif,A,305,cif,1468.0,102.0,0.0,11556.026990239658,L0EGW1,bacterial,Thermobacillus composti (strain DSM 18247 / JCM 13945 / KWC4),,unknown,6WQW_A_Repair,-32.87,-0.1077704918032786
6Y0H,/home/ubuntu/xylanase-thesis/data/raw/pdb/6Y0H.cif,A,189,cif,1169.0,17.0,0.0,3174.031419861846,C7YSL3,fungal,Fusarium vanettenii (strain ATCC MYA-4622 / CBS 123669 / FGSC 9596 / NRRL 45880 / 77-13-4) (Fusarium solani subsp. pisi),,unknown,6Y0H_A_Repair,0.43,0.0022751322751322
6Y8G,/home/ubuntu/xylanase-thesis/data/raw/pdb/6Y8G.cif,AAA,273,cif,1573.0,48.0,0.0,6571.008802385455,P51584,bacterial,Acetivibrio thermocellus (Hungateiclostridium thermocellum) (Clostridium thermocellum),CBM22;GH10;,GH10,6Y8G_AAA_Repair,,
7CPK,/home/ubuntu/xylanase-thesis/data/raw/pdb/7CPK.cif,A,357,cif,2191.0,98.0,0.0,9419.817913756924,P07528,bacterial,Halalkalibacterium halodurans (strain ATCC BAA-125 / DSM 18197 / FERM 7344 / JCM 9153 / C-125) (Bacillus halodurans),GH10;,GH10,7CPK_A_Repair,-63.48,-0.1778151260504201
7CPL,/home/ubuntu/xylanase-thesis/data/raw/pdb/7CPL.cif,A,358,cif,2234.0,101.0,0.0,8765.213363147113,P07528,bacterial,Halalkalibacterium halodurans (strain ATCC BAA-125 / DSM 18197 / FERM 7344 / JCM 9153 / C-125) (Bacillus halodurans),GH10;,GH10,7CPL_A_Repair,-62.19,-0.1737150837988826
7DFM,/home/ubuntu/xylanase-thesis/data/raw/pdb/7DFM.cif,A,194,cif,723.0,14.0,0.0,6949.476946885497,A0A7G1MBT0,bacterial,Streptomyces olivaceoviridis (Streptomyces corchorusii),,unknown,7DFM_A_Repair,-6.23,-0.0321134020618556
7DFN,/home/ubuntu/xylanase-thesis/data/raw/pdb/7DFN.cif,A,194,cif,925.0,16.0,0.0,4279.158427437379,A0A7G1MBT0,bacterial,Streptomyces olivaceoviridis (Streptomyces corchorusii),,unknown,7DFN_A_Repair,-3.17,-0.016340206185567
7DFO,/home/ubuntu/xylanase-thesis/data/raw/pdb/7DFO.cif,A,194,cif,859.0,15.0,0.0,5066.827095243795,A0A7G1MBT0,bacterial,Streptomyces olivaceoviridis (Streptomyces corchorusii),,unknown,7DFO_A_Repair,-6.65,-0.0342783505154639
7ERL,/home/ubuntu/xylanase-thesis/data/raw/pdb/7ERL.cif,A,545,cif,2350.0,100.0,0.0,15571.135748948023,A0A6N2X8R5,bacterial,Bacteroides intestinalis,,unknown,7ERL_A_Repair,-53.15,-0.0975229357798165
7K4P,/home/ubuntu/xylanase-thesis/data/raw/pdb/7K4P.cif,A,299,cif,1897.0,35.0,1.0,5252.978398021077,P23360,fungal,Thermoascus aurantiacus,GH10;,GH10,7K4P_A_Repair,-82.01,-0.2742809364548495
7K4Q,/home/ubuntu/xylanase-thesis/data/raw/pdb/7K4Q.cif,B,300,cif,2059.0,38.0,1.0,4369.494258173708,P23360,fungal,Thermoascus aurantiacus,GH10;,GH10,7K4Q_B_Repair,-76.46,-0.2548666666666666
7K4R,/home/ubuntu/xylanase-thesis/data/raw/pdb/7K4R.cif,A,305,cif,2016.0,34.0,1.0,4671.149695744874,P23360,fungal,Thermoascus aurantiacus,GH10;,GH10,7K4R_A_Repair,-67.85,-0.2224590163934426
7K4S,/home/ubuntu/xylanase-thesis/data/raw/pdb/7K4S.cif,A,301,cif,1738.0,40.0,0.0,5947.390760294905,P23360,fungal,Thermoascus aurantiacus,GH10;,GH10,7K4S_A_Repair,-19.54,-0.0649169435215946
7K4T,/home/ubuntu/xylanase-thesis/data/raw/pdb/7K4T.cif,A,301,cif,2109.0,36.0,1.0,3914.79893678356,P23360,fungal,Thermoascus aurantiacus,GH10;,GH10,7K4T_A_Repair,-67.22,-0.2233222591362126
7K4U,/home/ubuntu/xylanase-thesis/data/raw/pdb/7K4U.cif,A,305,cif,1855.0,36.0,0.0,6034.212015931443,P23360,fungal,Thermoascus aurantiacus,GH10;,GH10,7K4U_A_Repair,-65.02,-0.2131803278688524
7K4V,/home/ubuntu/xylanase-thesis/data/raw/pdb/7K4V.cif,A,299,cif,1832.0,35.0,0.0,5756.099447511606,P23360,fungal,Thermoascus aurantiacus,GH10;,GH10,7K4V_A_Repair,-75.03,-0.2509364548494983
7K4W,/home/ubuntu/xylanase-thesis/data/raw/pdb/7K4W.cif,A,286,cif,1491.0,30.0,1.0,8274.028267156338,P23360,fungal,Thermoascus aurantiacus,GH10;,GH10,7K4W_A_Repair,-67.88,-0.2373426573426573
7K4X,/home/ubuntu/xylanase-thesis/data/raw/pdb/7K4X.cif,A,302,cif,1843.0,47.0,0.0,5858.690078269284,P23360,fungal,Thermoascus aurantiacus,GH10;,GH10,7K4X_A_Repair,-81.29,-0.2691721854304636
7K4Y,/home/ubuntu/xylanase-thesis/data/raw/pdb/7K4Y.cif,A,300,cif,1387.0,31.0,1.0,10022.679352654231,P23360,fungal,Thermoascus aurantiacus,GH10;,GH10,7K4Y_A_Repair,-14.02,-0.0467333333333333
7K4Z,/home/ubuntu/xylanase-thesis/data/raw/pdb/7K4Z.cif,A,301,cif,1843.0,39.0,1.0,5769.973323855651,P23360,fungal,Thermoascus aurantiacus,GH10;,GH10,7K4Z_A_Repair,-77.26,-0.2566777408637874
7KV0,/home/ubuntu/xylanase-thesis/data/raw/pdb/7KV0.cif,A,186,cif,744.0,10.0,0.0,6503.407094320452,A0A0M9BNX9,bacterial,Paenibacillus xylanivorans,,unknown,7KV0_A_Repair,-6.11,-0.0328494623655914
7MGU,/home/ubuntu/xylanase-thesis/data/raw/pdb/7MGU.cif,A,189,cif,1398.0,21.0,0.0,1923.2217740372969,P36217,fungal,Hypocrea jecorina (strain ATCC 56765 / BCRC 32924 / NRRL 11460 / Rut C-30) (Trichoderma reesei),GH11;,GH11,7MGU_A_Repair,47.61,0.2519047619047619
7NL2,/home/ubuntu/xylanase-thesis/data/raw/pdb/7NL2.cif,A,335,cif,2098.0,88.0,0.0,7096.455843962501,F7YXD6,bacterial,Pseudothermotoga thermarum DSM 5069,,unknown,7NL2_A_Repair,-133.75,-0.3992537313432835
7NN3,/home/ubuntu/xylanase-thesis/data/raw/pdb/7NN3.cif,A,383,cif,2152.0,82.0,0.0,9546.02060410253,E4S6E9,bacterial,Caldicellulosiruptor acetigenus (strain ATCC 700853 / DSM 12137 / I77R1B) (Caldicellulosiruptor kristjanssonii),CBM22;CBM9;GH10;,GH10,7NN3_A_Repair,-38.38,-0.1002088772845953
7NWN,/home/ubuntu/xylanase-thesis/data/raw/pdb/7NWN.cif,AAA,195,cif,969.0,30.0,0.0,5658.568037563271,E4S6E9,bacterial,Caldicellulosiruptor acetigenus (strain ATCC 700853 / DSM 12137 / I77R1B) (Caldicellulosiruptor kristjanssonii),CBM22;CBM9;GH10;,GH10,7NWN_AAA_Repair,,
7NWO,/home/ubuntu/xylanase-thesis/data/raw/pdb/7NWO.cif,AAA,191,cif,795.0,29.0,0.0,6244.158621112959,E4S6E9,bacterial,Caldicellulosiruptor acetigenus (strain ATCC 700853 / DSM 12137 / I77R1B) (Caldicellulosiruptor kristjanssonii),CBM22;CBM9;GH10;,GH10,7NWO_AAA_Repair,,
7NWP,/home/ubuntu/xylanase-thesis/data/raw/pdb/7NWP.cif,AAA,195,cif,882.0,28.0,0.0,7048.483736708554,E4S6E9,bacterial,Caldicellulosiruptor acetigenus (strain ATCC 700853 / DSM 12137 / I77R1B) (Caldicellulosiruptor kristjanssonii),CBM22;CBM9;GH10;,GH10,7NWP_AAA_Repair,,
7NWQ,/home/ubuntu/xylanase-thesis/data/raw/pdb/7NWQ.cif,AAA,195,cif,911.0,28.0,0.0,6250.1282503405655,E4S6E9,bacterial,Caldicellulosiruptor acetigenus (strain ATCC 700853 / DSM 12137 / I77R1B) (Caldicellulosiruptor kristjanssonii),CBM22;CBM9;GH10;,GH10,7NWQ_AAA_Repair,,
7VUG,/home/ubuntu/xylanase-thesis/data/raw/pdb/7VUG.cif,B,338,cif,1095.0,49.0,0.0,15421.945723563202,P09850,bacterial,Niallia circulans (Bacillus circulans),GH11;,GH11,7VUG_B_Repair,167.13,0.4944674556213018
7VUH,/home/ubuntu/xylanase-thesis/data/raw/pdb/7VUH.cif,B,338,cif,1114.0,52.0,0.0,15249.7387944691,P09850,bacterial,Niallia circulans (Bacillus circulans),GH11;,GH11,7VUH_B_Repair,156.62,0.4633727810650888
7VUI,/home/ubuntu/xylanase-thesis/data/raw/pdb/7VUI.cif,B,338,cif,1076.0,40.0,0.0,15785.932181505332,P09850,bacterial,Niallia circulans (Bacillus circulans),GH11;,GH11,7VUI_B_Repair,179.14,0.5299999999999999
7VUJ,/home/ubuntu/xylanase-thesis/data/raw/pdb/7VUJ.cif,B,338,cif,1097.0,43.0,0.0,15897.409950623412,P09850,bacterial,Niallia circulans (Bacillus circulans),GH11;,GH11,7VUJ_B_Repair,202.52,0.5991715976331361
7WH6,/home/ubuntu/xylanase-thesis/data/raw/pdb/7WH6.cif,A,319,cif,2163.0,25.0,2.0,3996.719508942428,Q4WLG5,fungal,Aspergillus fumigatus (strain ATCC MYA-4609 / CBS 101355 / FGSC A1100 / Af293) (Neosartorya fumigata),,unknown,7WH6_A_Repair,-73.11,-0.2291849529780564
7WH7,/home/ubuntu/xylanase-thesis/data/raw/pdb/7WH7.cif,A,319,cif,2223.0,27.0,2.0,3667.153031263416,Q4WLG5,fungal,Aspergillus fumigatus (strain ATCC MYA-4609 / CBS 101355 / FGSC A1100 / Af293) (Neosartorya fumigata),,unknown,7WH7_A_Repair,-70.73,-0.2217241379310345
7WHA,/home/ubuntu/xylanase-thesis/data/raw/pdb/7WHA.cif,A,319,cif,1816.0,25.0,2.0,6709.009253853168,Q4WLG5,fungal,Aspergillus fumigatus (strain ATCC MYA-4609 / CBS 101355 / FGSC A1100 / Af293) (Neosartorya fumigata),,unknown,7WHA_A_Repair,-65.3,-0.2047021943573667
7WHE,/home/ubuntu/xylanase-thesis/data/raw/pdb/7WHE.cif,A,319,cif,1890.0,24.0,2.0,6153.498263855506,Q4WLG5,fungal,Aspergillus fumigatus (strain ATCC MYA-4609 / CBS 101355 / FGSC A1100 / Af293) (Neosartorya fumigata),,unknown,7WHE_A_Repair,-68.1,-0.2134796238244514
7XN9,/home/ubuntu/xylanase-thesis/data/raw/pdb/7XN9.cif,A,476,cif,1907.0,24.0,1.0,22298.816480684764,P09850,bacterial,Niallia circulans (Bacillus circulans),GH11;,GH11,7XN9_A_Repair,2.47,0.0051890756302521
7XNA,/home/ubuntu/xylanase-thesis/data/raw/pdb/7XNA.cif,A,472,cif,1860.0,29.0,1.0,22722.770827871067,P09850,bacterial,Niallia circulans (Bacillus circulans),GH11;,GH11,7XNA_A_Repair,29.45,0.0623940677966101
7ZQ0,/home/ubuntu/xylanase-thesis/data/raw/pdb/7ZQ0.cif,A,189,cif,1058.0,19.0,0.0,3665.895414025069,C7YSL3,fungal,Fusarium vanettenii (strain ATCC MYA-4622 / CBS 123669 / FGSC 9596 / NRRL 45880 / 77-13-4) (Fusarium solani subsp. pisi),,unknown,7ZQ0_A_Repair,15.37,0.0813227513227513
8AF4,/home/ubuntu/xylanase-thesis/data/raw/pdb/8AF4.cif,A,189,cif,1024.0,17.0,0.0,3787.2061796533294,C7YSL3,fungal,Fusarium vanettenii (strain ATCC MYA-4622 / CBS 123669 / FGSC 9596 / NRRL 45880 / 77-13-4) (Fusarium solani subsp. pisi),,unknown,8AF4_A_Repair,9.25,0.0489417989417989
8AF5,/home/ubuntu/xylanase-thesis/data/raw/pdb/8AF5.cif,A,189,cif,1050.0,17.0,0.0,3571.024317302162,C7YSL3,fungal,Fusarium vanettenii (strain ATCC MYA-4622 / CBS 123669 / FGSC 9596 / NRRL 45880 / 77-13-4) (Fusarium solani subsp. pisi),,unknown,8AF5_A_Repair,11.53,0.061005291005291
8AF6,/home/ubuntu/xylanase-thesis/data/raw/pdb/8AF6.cif,A,189,cif,1138.0,18.0,0.0,3288.482756692036,C7YSL3,fungal,Fusarium vanettenii (strain ATCC MYA-4622 / CBS 123669 / FGSC 9596 / NRRL 45880 / 77-13-4) (Fusarium solani subsp. pisi),,unknown,8AF6_A_Repair,15.3,0.0809523809523809
8B73,/home/ubuntu/xylanase-thesis/data/raw/pdb/8B73.cif,A,405,cif,1633.0,76.0,0.0,16925.063222476616,G8LZE0,bacterial,Acetivibrio clariflavus (strain DSM 19732 / NBRC 101661 / EBR45) (Clostridium clariflavum),,unknown,8B73_A_Repair,-74.14,-0.1830617283950617
8BBI,/home/ubuntu/xylanase-thesis/data/raw/pdb/8BBI.cif,A,335,cif,1639.0,84.0,0.0,10913.69386495952,F7YXD6,bacterial,Pseudothermotoga thermarum DSM 5069,,unknown,8BBI_A_Repair,-122.54,-0.3657910447761194
8IH0,/home/ubuntu/xylanase-thesis/data/raw/pdb/8IH0.cif,A,184,cif,1134.0,14.0,0.0,2885.4769011782328,I3VTR8,bacterial,Thermoanaerobacterium saccharolyticum (strain DSM 8691 / JW/SL-YS485),,unknown,8IH0_A_Repair,-14.55,-0.0790760869565217
8IH1,/home/ubuntu/xylanase-thesis/data/raw/pdb/8IH1.cif,A,183,cif,820.0,11.0,0.0,5404.275451899553,I3VTR8,bacterial,Thermoanaerobacterium saccharolyticum (strain DSM 8691 / JW/SL-YS485),,unknown,8IH1_A_Repair,-6.73,-0.036775956284153
8JST,/home/ubuntu/xylanase-thesis/data/raw/pdb/8JST.cif,A,192,cif,1067.0,16.0,2.0,3502.9425361805816,J7GPW4,unknown,uncultured microorganism,,unknown,8JST_A_Repair,-6.28,-0.0327083333333333
8KEU,/home/ubuntu/xylanase-thesis/data/raw/pdb/8KEU.cif,A,190,cif,1138.0,19.0,1.0,3025.3813588559533,G0RUP7,fungal,Hypocrea jecorina (strain QM6a) (Trichoderma reesei),GH11;,GH11,8KEU_A_Repair,-16.62,-0.0874736842105263
8KH3,/home/ubuntu/xylanase-thesis/data/raw/pdb/8KH3.cif,A,299,cif,1854.0,37.0,1.0,5122.682828199997,P23360,fungal,Thermoascus aurantiacus,GH10;,GH10,8KH3_A_Repair,-70.47,-0.235685618729097
8QXY,/home/ubuntu/xylanase-thesis/data/raw/pdb/8QXY.cif,A,185,cif,997.0,10.0,0.0,3942.45495496616,P09850,bacterial,Niallia circulans (Bacillus circulans),GH11;,GH11,8QXY_A_Repair,-7.03,-0.038
8QXZ,/home/ubuntu/xylanase-thesis/data/raw/pdb/8QXZ.cif,A,185,cif,1020.0,10.0,0.0,3547.0043533240864,P09850,bacterial,Niallia circulans (Bacillus circulans),GH11;,GH11,8QXZ_A_Repair,-16.46,-0.0889729729729729
8QY0,/home/ubuntu/xylanase-thesis/data/raw/pdb/8QY0.cif,A,185,cif,814.0,10.0,0.0,5715.659999795029,P09850,bacterial,Niallia circulans (Bacillus circulans),GH11;,GH11,8QY0_A_Repair,-9.47,-0.0511891891891891
8QY1,/home/ubuntu/xylanase-thesis/data/raw/pdb/8QY1.cif,A,184,cif,803.0,12.0,0.0,5596.40785700081,P09850,bacterial,Niallia circulans (Bacillus circulans),GH11;,GH11,8QY1_A_Repair,-3.27,-0.0177717391304347
8QY2,/home/ubuntu/xylanase-thesis/data/raw/pdb/8QY2.cif,A,185,cif,892.0,9.0,0.0,4633.312919311717,P09850,bacterial,Niallia circulans (Bacillus circulans),GH11;,GH11,8QY2_A_Repair,-19.9,-0.1075675675675675
8QY3,/home/ubuntu/xylanase-thesis/data/raw/pdb/8QY3.cif,A,185,cif,1108.0,9.0,0.0,3056.4047748057105,P09850,bacterial,Niallia circulans (Bacillus circulans),GH11;,GH11,8QY3_A_Repair,-20.91,-0.113027027027027
8R85,/home/ubuntu/xylanase-thesis/data/raw/pdb/8R85.cif,A,185,cif,995.0,11.0,0.0,3873.7326785007376,P09850,bacterial,Niallia circulans (Bacillus circulans),GH11;,GH11,8R85_A_Repair,-5.21,-0.0281621621621621
8R86,/home/ubuntu/xylanase-thesis/data/raw/pdb/8R86.cif,A,185,cif,1133.0,10.0,0.0,3375.594081861464,P09850,bacterial,Niallia circulans (Bacillus circulans),GH11;,GH11,8R86_A_Repair,-11.2,-0.0605405405405405
8RD5,/home/ubuntu/xylanase-thesis/data/raw/pdb/8RD5.cif,A,300,cif,1856.0,38.0,1.0,5844.04271668119,P23360,fungal,Thermoascus aurantiacus,GH10;,GH10,8RD5_A_Repair,-84.84,-0.2828
8USE,/home/ubuntu/xylanase-thesis/data/raw/pdb/8USE.cif,A,301,cif,1936.0,42.0,0.0,4967.33695254143,P23360,fungal,Thermoascus aurantiacus,GH10;,GH10,8USE_A_Repair,-59.58,-0.1979401993355481
8USF,/home/ubuntu/xylanase-thesis/data/raw/pdb/8USF.cif,A,301,cif,1944.0,37.0,0.0,4926.1533871889205,P23360,fungal,Thermoascus aurantiacus,GH10;,GH10,8USF_A_Repair,-65.7,-0.2182724252491694
8USG,/home/ubuntu/xylanase-thesis/data/raw/pdb/8USG.cif,A,301,cif,1799.0,41.0,1.0,6145.194808277395,P23360,fungal,Thermoascus aurantiacus,GH10;,GH10,8USG_A_Repair,-55.46,-0.1842524916943521
8USH,/home/ubuntu/xylanase-thesis/data/raw/pdb/8USH.cif,A,301,cif,1790.0,38.0,1.0,6170.6752484146455,P23360,fungal,Thermoascus aurantiacus,GH10;,GH10,8USH_A_Repair,-58.9,-0.1956810631229235
8USI,/home/ubuntu/xylanase-thesis/data/raw/pdb/8USI.cif,A,303,cif,1816.0,40.0,0.0,5762.881630829512,P23360,fungal,Thermoascus aurantiacus,GH10;,GH10,8USI_A_Repair,-51.8,-0.1709570957095709
8USJ,/home/ubuntu/xylanase-thesis/data/raw/pdb/8USJ.cif,B,301,cif,1837.0,39.0,0.0,5870.82392697347,P23360,fungal,Thermoascus aurantiacus,GH10;,GH10,8USJ_B_Repair,-60.85,-0.2021594684385382
8USK,/home/ubuntu/xylanase-thesis/data/raw/pdb/8USK.cif,A,301,cif,1782.0,44.0,1.0,5898.459449405595,P23360,fungal,Thermoascus aurantiacus,GH10;,GH10,8USK_A_Repair,-65.83,-0.218704318936877
8USL,/home/ubuntu/xylanase-thesis/data/raw/pdb/8USL.cif,A,301,cif,1634.0,44.0,1.0,7463.249013347719,P23360,fungal,Thermoascus aurantiacus,GH10;,GH10,8USL_A_Repair,-56.09,-0.1863455149501661
8X1D,/home/ubuntu/xylanase-thesis/data/raw/pdb/8X1D.cif,A,183,cif,980.0,12.0,0.0,3824.2014993437774,I3VTR8,bacterial,Thermoanaerobacterium saccharolyticum (strain DSM 8691 / JW/SL-YS485),,unknown,8X1D_A_Repair,-10.38,-0.0567213114754098
8XY0,/home/ubuntu/xylanase-thesis/data/raw/pdb/8XY0.cif,A,353,cif,2193.0,89.0,0.0,7880.453749248757,P07528,bacterial,Halalkalibacterium halodurans (strain ATCC BAA-125 / DSM 18197 / FERM 7344 / JCM 9153 / C-125) (Bacillus halodurans),GH10;,GH10,8XY0_A_Repair,-54.94,-0.1556373937677053
8XZX,/home/ubuntu/xylanase-thesis/data/raw/pdb/8XZX.cif,A,193,cif,834.0,13.0,0.0,5559.693395693593,Q0CMZ1,fungal,Aspergillus terreus (strain NIH 2624 / FGSC A1156),,unknown,8XZX_A_Repair,10.45,0.0541450777202072
8XZY,/home/ubuntu/xylanase-thesis/data/raw/pdb/8XZY.cif,A,189,cif,978.0,13.0,0.0,4370.67067152514,Q0CMZ1,fungal,Aspergillus terreus (strain NIH 2624 / FGSC A1156),,unknown,8XZY_A_Repair,-8.52,-0.045079365079365
8XZZ,/home/ubuntu/xylanase-thesis/data/raw/pdb/8XZZ.cif,A,196,cif,1030.0,13.0,0.0,4262.858236255113,Q0CMZ1,fungal,Aspergillus terreus (strain NIH 2624 / FGSC A1156),,unknown,8XZZ_A_Repair,-5.66,-0.0288775510204081
8Y00,/home/ubuntu/xylanase-thesis/data/raw/pdb/8Y00.cif,A,197,cif,1012.0,13.0,0.0,4409.741038296032,Q0CMZ1,fungal,Aspergillus terreus (strain NIH 2624 / FGSC A1156),,unknown,8Y00_A_Repair,-11.15,-0.0565989847715736
8Y1M,/home/ubuntu/xylanase-thesis/data/raw/pdb/8Y1M.cif,A,358,cif,2081.0,99.0,0.0,8889.504419495757,P07528,bacterial,Halalkalibacterium halodurans (strain ATCC BAA-125 / DSM 18197 / FERM 7344 / JCM 9153 / C-125) (Bacillus halodurans),GH10;,GH10,8Y1M_A_Repair,-58.96,-0.1646927374301676
8YEA,/home/ubuntu/xylanase-thesis/data/raw/pdb/8YEA.cif,A,183,cif,616.0,13.0,0.0,7330.784927781571,I3VTR8,bacterial,Thermoanaerobacterium saccharolyticum (strain DSM 8691 / JW/SL-YS485),,unknown,8YEA_A_Repair,18.0,0.0983606557377049
8YJI,/home/ubuntu/xylanase-thesis/data/raw/pdb/8YJI.cif,A,183,cif,684.0,23.0,0.0,6574.458258552726,A0A2T4BZZ5,fungal,Trichoderma longibrachiatum ATCC 18648,,unknown,8YJI_A_Repair,3.92,0.0214207650273224
8YJJ,/home/ubuntu/xylanase-thesis/data/raw/pdb/8YJJ.cif,A,183,cif,1046.0,19.0,0.0,3453.2685276552243,A0A2T4BZZ5,fungal,Trichoderma longibrachiatum ATCC 18648,,unknown,8YJJ_A_Repair,-13.95,-0.0762295081967213
8YPX,/home/ubuntu/xylanase-thesis/data/raw/pdb/8YPX.cif,A,184,cif,652.0,15.0,0.0,7225.312174790745,I3VTR8,bacterial,Thermoanaerobacterium saccharolyticum (strain DSM 8691 / JW/SL-YS485),,unknown,8YPX_A_Repair,1.17,0.0063586956521739
8YYN,/home/ubuntu/xylanase-thesis/data/raw/pdb/8YYN.cif,A,183,cif,948.0,12.0,0.0,4012.237192226533,I3VTR8,bacterial,Thermoanaerobacterium saccharolyticum (strain DSM 8691 / JW/SL-YS485),,unknown,8YYN_A_Repair,-4.94,-0.0269945355191256
8YYO,/home/ubuntu/xylanase-thesis/data/raw/pdb/8YYO.cif,A,183,cif,1119.0,12.0,0.0,3062.809112491984,I3VTR8,bacterial,Thermoanaerobacterium saccharolyticum (strain DSM 8691 / JW/SL-YS485),,unknown,8YYO_A_Repair,-17.94,-0.0980327868852459
